State,County,StateName,MarineCnts,RtByState,PositiveTestedActiveCasesLast45Days,ProjectedNewInfectionsFromKnownPositiveCases,7/20/2020,7/19/2020,7/18/2020,7/17/2020,7/16/2020,7/15/2020,7/14/2020,7/13/2020,7/12/2020,7/11/2020,7/10/2020,7/9/2020,7/8/2020,7/7/2020,7/6/2020,7/5/2020,7/4/2020,7/3/2020,7/2/2020,7/1/2020,6/30/2020,6/29/2020,6/28/2020,6/27/2020,6/26/2020,6/25/2020,6/24/2020,6/23/2020,6/22/2020,6/21/2020,6/20/2020,6/19/2020,6/18/2020,6/17/2020,6/16/2020,6/15/2020,6/14/2020,6/13/2020,6/12/2020,6/11/2020,6/10/2020,6/9/2020,6/8/2020,6/7/2020,6/6/2020
SC,Lexington,South Carolina,1,0.98,2887,2474,3653,3605,3504,3342,3252,3222,3151,3036,2943,2834,2750,2677,2612,2522,2462,2396,2322,2281,2236,2161,2071,1971,1901,1846,1775,1666,1625,1555,1513,1491,1451,1377,1298,1254,1216,1184,1155,1098,1049,992,941,913,879,836,766
TX,Dallas,Texas,3,1,30462,30281,42292,40222,40222,39191,36969,36969,35914,34914,33800,32626,31525,30361,29160,28131,27054,25840,24778,23675,22590,21882,21338,20737,20165,19595,19034,18538,18135,17744,17299,16845,16437,16042,15648,15256,14843,14537,14232,13930,13585,13257,12945,12645,12347,12093,11830
TX,Tarrant,Texas,2,1,16017,15928,22002,21617,21195,20907,20433,19014,18483,18161,17757,17334,16700,16180,15585,15585,14828,13423,13423,13423,12950,12950,12344,11739,11476,11083,10706,10363,9386,9386,8955,8955,8331,8331,8099,7822,7642,7334,7253,7120,7120,6824,6599,6369,6150,6073,5985
TX,Montgomery,Texas,1,1,4003,3984,5067,4721,4721,4721,4501,4324,3471,3112,3007,3007,3007,2876,2784,2654,2550,2353,2353,2353,2353,2257,2133,2028,1952,1952,1952,1889,1831,1737,1647,1555,1555,1484,1484,1428,1359,1300,1258,1258,1258,1197,1162,1122,1090,1064,1064
NC,Mecklenburg,North Carolina,1,1,12213,12786,17571,17379,17047,16657,16360,15950,15680,15319,15024,14607,14157,13757,13489,13317,13111,12806,12576,12233,11803,11534,11170,10863,10592,10287,9944,9614,9333,9086,8956,8752,8511,8166,7804,7563,7468,7321,7131,6862,6538,6155,5861,5682,5682,5509,5358
NC,Forsyth,North Carolina,1,1,2499,2596,4220,4196,4122,4008,3946,3850,3785,3731,3675,3622,3580,3525,3450,3423,3353,3290,3233,3185,3132,3077,2996,2978,2935,2871,2788,2715,2679,2615,2575,2524,2497,2463,2372,2333,2283,2250,2204,2128,2051,1967,1925,1898,1816,1774,1721
TX,Nacogdoches,Texas,1,1,368,367,669,665,663,647,639,633,611,593,586,554,525,516,479,461,444,443,435,425,416,407,397,381,381,379,370,360,353,349,346,345,343,341,337,329,326,324,324,324,317,317,315,305,304,304,301
TX,Gregg,Texas,1,1,751,748,1008,1008,1008,950,927,889,837,762,762,762,728,682,652,471,417,417,399,399,389,375,355,339,339,331,331,315,313,310,305,305,305,304,302,296,285,278,278,278,274,274,273,272,257,257,257
TX,Hopkins,Texas,1,1,100,100,129,124,124,119,115,99,88,86,82,79,80,77,78,75,70,70,70,70,69,63,56,54,54,54,53,52,51,51,50,50,48,48,44,44,44,41,41,41,41,41,39,39,30,30,29
TX,Cherokee,Texas,1,1,464,462,516,489,489,467,439,417,364,364,364,357,331,286,270,250,212,212,212,188,172,147,148,130,105,105,93,87,82,77,67,67,67,67,65,61,61,54,54,54,54,54,54,54,52,52,52
TX,Camp,Texas,1,1,76,76,167,164,163,162,152,144,144,142,137,131,130,130,128,126,123,123,123,122,120,118,117,117,117,117,116,113,113,110,110,110,110,109,109,109,109,108,106,105,98,98,95,95,92,92,91
TX,Smith,Texas,1,1,1539,1532,1762,1762,1762,1717,1568,1499,1441,1299,1299,1299,1220,1164,1098,848,771,771,699,699,654,618,566,499,499,455,455,422,392,378,340,340,340,318,310,297,283,271,271,271,244,244,238,235,223,223,223
NC,Onslow,North Carolina,2,1,464,478,585,558,547,507,489,489,489,448,448,448,448,399,367,364,353,345,339,334,324,308,290,270,261,261,243,229,224,215,213,211,206,188,180,178,166,160,159,156,149,145,136,134,134,134,121
TX,Grayson,Texas,1,1,477,475,849,848,844,824,793,771,754,743,736,731,708,695,688,648,633,633,630,617,594,580,572,566,563,558,550,547,537,521,518,514,491,491,481,473,440,438,433,433,408,403,389,384,377,375,372
TX,Potter,Texas,1,1,405,404,3159,3159,3159,3119,3100,3081,3056,3048,3048,3048,3038,3025,3008,2978,2937,2937,2937,2937,2913,2885,2873,2858,2858,2858,2854,2843,2838,2831,2822,2822,2822,2819,2811,2798,2789,2785,2785,2785,2785,2778,2766,2763,2756,2756,2754
TX,Farmersville,Texas,2,1,0,0,,,,,,,,,,,,,,,,,,,,,,,,,,,,,,,,,,,,,,,,,,,,,
TX,Bowie,Texas,2,1,314,313,626,610,596,567,558,536,533,517,504,496,484,471,467,462,461,458,449,444,439,438,427,430,418,418,415,413,406,404,400,400,398,394,384,381,377,372,373,370,367,363,358,351,336,336,312
TX,Collin,Texas,1,1,3927,3908,5374,5291,5154,5079,4934,4800,4685,4533,4459,4308,4108,3948,3825,3707,3521,3409,3321,3199,3114,2997,2882,2763,2671,2532,2486,2449,2359,2250,2223,2189,2064,2026,1967,1866,1787,1667,1647,1638,1560,1553,1546,1528,1447,1447,1447
TX,Wood,Texas,1,1,125,125,174,174,174,168,163,154,144,123,123,123,120,118,115,107,98,98,94,94,92,92,82,80,80,78,78,77,77,76,71,71,71,70,66,62,56,53,53,53,51,51,51,51,49,49,49
CA,San Diego,California,3,1.01,15790,16987,24135,23682,23114,21855,21855,21446,20887,19929,19371,19371,18863,18402,17842,17578,16726,16726,15696,15696,15207,14623,14149,13832,13334,12837,12401,11961,11626,11294,11096,10794,10484,10350,10092,9730,9730,9610,9440,9314,8998,8998,8837,8619,8619,8345,8345
CA,Orange,California,1,1.01,22665,24450,29986,29426,29011,28309,27904,27031,26120,25255,24715,23901,22650,21517,20225,18892,17882,16854,16191,15778,15065,14413,13843,13064,12608,12462,11960,11511,11016,10737,10595,10422,9988,9576,9292,9197,8999,8759,8573,8269,8153,7987,7737,7614,7527,7440,7321
CA,Santa Clara,California,1,1.01,4875,5198,7795,7456,7300,7131,7046,6951,6725,6542,6298,5983,5863,5678,5552,5478,5408,5273,5077,4849,4750,4572,4370,4265,4162,3984,3984,3888,3832,3727,3606,3547,3458,3398,3363,3288,3254,3230,3197,3157,3117,3063,3032,3017,2973,2942,2920
CA,San Bernardino,California,1,1.01,18059,19448,24099,23772,23566,23238,21468,21468,20456,19502,19043,18912,18275,17414,16586,15932,15345,14922,13676,13676,13152,12746,12550,11797,11501,11290,11290,10769,10407,10010,9361,9156,8959,8714,8454,8014,7796,7515,7359,7161,6976,6742,6593,6417,6247,6040,6040
FL,Lee,Florida,1,1.01,10653,12161,12906,12711,12397,12043,11721,10849,10631,10344,10123,8848,8574,8340,8125,7859,7661,7498,7215,6668,6223,5869,5588,5363,5188,4956,4757,4062,3944,3745,3666,3627,3556,3475,3354,3187,3015,2877,2836,2634,2563,2500,2422,2388,2315,2289,2253
FL,Columbia,Florida,1,1.01,1201,1329,1372,1245,1181,1150,1087,929,624,589,475,462,433,421,392,377,364,361,348,331,316,296,287,281,269,261,250,246,243,233,232,227,219,205,205,202,187,183,182,177,177,177,175,174,171,171,171
CA,Los Angeles,California,1,1.01,96663,105426,159045,155917,153152,150424,147678,143207,140576,136357,133549,130394,127439,124992,123256,120764,116570,115024,107826,107806,107792,105665,103850,100958,97918,95385,93391,91577,89633,88512,86017,83414,81709,79655,78348,77260,75162,73832,73018,72057,70529,68959,67111,65945,64690,63844,62382
CA,San Mateo,California,1,1.01,2221,2354,4551,4465,4465,4403,4333,4254,4168,4045,3949,3949,3846,3787,3743,3692,3599,3536,3536,3441,3376,3311,3232,3141,3083,3083,3049,2996,2961,2901,2825,2721,2721,2721,2678,2653,2625,2594,2553,2533,2533,2494,2475,2437,2394,2330,2330
FL,Bay,Florida,4,1.01,1982,2209,2105,2000,1852,1737,1602,1523,1430,1322,1193,1107,1027,940,880,818,744,713,684,625,581,408,384,347,322,305,287,248,240,230,205,190,188,175,167,161,157,153,145,141,139,135,135,133,132,130,123
FL,Calhoun,Florida,1,1.01,165,177,229,222,199,201,198,184,172,162,174,152,133,122,106,101,97,97,93,97,85,77,76,75,76,72,79,70,70,88,69,69,68,65,65,66,66,66,66,66,65,64,64,64,66,66,64
FL,Okaloosa,Florida,2,1.01,1720,1913,1973,1813,1753,1698,1623,1532,1445,1385,1285,1130,1083,1015,969,938,917,906,880,820,770,704,666,636,601,563,541,500,457,436,421,400,398,391,366,351,344,337,332,315,312,294,287,274,271,262,253
OK,Tulsa,Oklahoma,2,1.02,5151,6097,6316,6285,6243,5997,5790,5626,5448,5267,5099,5005,4828,4693,4571,4365,4104,4035,3974,3792,3680,3544,3424,3304,3251,3178,3103,2949,2742,2483,2392,2349,2206,2070,1945,1825,1729,1653,1564,1525,1443,1372,1308,1261,1196,1188,1165
OK,Rogers,Oklahoma,1,1.02,354,397,439,435,435,402,388,368,359,342,331,324,304,291,278,262,222,217,214,202,192,186,178,167,164,161,152,145,142,132,128,126,123,122,113,98,100,99,97,95,93,92,92,89,87,85,85
OK,Oklahoma,Oklahoma,1,1.02,4941,5843,6301,6271,6195,5978,5756,5591,5259,4986,4802,4613,4379,4194,4039,3819,3607,3479,3393,3263,3135,3029,2913,2732,2663,2600,2486,2410,2317,2230,2147,2099,1990,1946,1861,1754,1673,1643,1597,1561,1517,1461,1436,1404,1384,1369,1360
OK,Okmulgee,Oklahoma,1,1.02,193,214,219,218,216,204,201,196,186,157,151,146,136,127,113,104,100,95,68,68,64,62,62,61,59,54,54,51,50,48,48,45,40,36,32,31,31,30,30,29,29,29,29,29,27,26,26
TN,Rutherford,Tennessee,13,1.03,3175,3904,4618,4503,4397,4242,4114,3944,3839,3755,3602,3525,3428,3326,3234,3111,3040,2987,2919,2854,2733,2648,2528,2450,2362,2362,2337,2266,2211,2150,2100,2060,2019,1990,1888,1851,1820,1775,1719,1675,1653,1620,1600,1568,1522,1479,1443
TN,Knox,Tennessee,3,1.03,1952,2371,2413,2322,2196,2136,1991,1915,1815,1717,1620,1591,1506,1471,1392,1309,1209,1171,1142,1086,1022,982,967,947,878,878,824,783,740,716,693,656,638,609,594,573,569,560,553,539,525,511,500,491,481,469,461
TN,Dickson,Tennessee,3,1.03,266,307,390,376,370,343,323,308,295,282,275,258,251,243,231,219,212,209,206,201,194,180,175,168,159,159,156,151,150,150,146,147,145,145,140,140,138,138,135,133,131,129,128,127,125,125,124
TN,Maury,Tennessee,6,1.03,550,647,665,629,606,580,557,529,513,499,462,454,431,420,406,379,357,354,342,326,311,297,287,282,276,276,267,259,248,241,224,220,218,205,198,177,171,163,152,149,147,139,128,124,116,115,115
TN,Davidson,Tennessee,21,1.03,10481,13289,16223,16044,15711,15342,14982,14550,14205,13976,13309,13162,12935,12549,12234,11599,11205,11089,10726,10450,10125,9769,9237,9016,8675,8675,8547,8258,8062,7867,7716,7668,7571,7502,7253,7082,7016,6818,6682,6435,6379,6290,6190,6125,5947,5801,5742
TN,Cheatham,Tennessee,3,1.03,230,264,371,364,358,340,332,311,301,287,275,269,264,252,243,236,232,230,225,225,220,214,202,195,194,194,190,187,177,175,167,165,164,164,161,159,158,155,153,153,152,151,149,146,144,143,141
TN,Williamson,Tennessee,12,1.03,1956,2376,2562,2517,2449,2309,2217,2119,1990,1939,1763,1708,1670,1591,1515,1420,1340,1313,1268,1226,1148,1090,1013,1001,945,945,912,874,840,813,793,782,775,767,742,730,723,703,686,675,670,662,654,648,630,621,606
TN,Cumberland,Tennessee,1,1.03,131,148,255,253,252,247,244,241,228,229,221,213,200,196,193,188,183,181,180,178,174,173,168,165,159,159,159,155,152,148,145,142,137,137,138,137,137,133,131,131,130,129,127,126,125,125,124
TN,Bedford,Tennessee,1,1.03,374,435,688,679,673,668,654,646,635,630,624,623,598,595,589,584,570,570,559,545,520,520,513,502,482,482,463,451,445,436,432,430,428,416,404,403,392,379,379,379,376,372,346,341,332,325,314
TN,Sumner,Tennessee,3,1.03,1538,1856,2505,2458,2426,2344,2264,2189,2103,2040,1945,1897,1874,1802,1727,1670,1636,1610,1593,1559,1507,1469,1417,1371,1318,1318,1296,1260,1231,1212,1196,1181,1165,1155,1130,1119,1112,1105,1088,1075,1059,1049,1033,1011,987,975,967
TN,Smith,Tennessee,2,1.03,183,209,219,214,212,212,205,202,187,185,160,150,148,139,136,124,122,120,116,111,103,96,90,79,67,67,62,58,53,51,50,50,49,48,46,43,43,41,40,40,39,37,37,37,37,36,36
TN,Montgomery,Tennessee,3,1.03,886,1054,1173,1157,1133,1065,974,906,850,824,778,732,712,658,620,587,567,554,549,534,513,493,479,464,438,438,434,413,407,392,385,384,368,363,356,341,341,339,332,324,319,312,310,310,301,294,287
TN,Bradley,Tennessee,2,1.03,1055,1261,1239,1205,1177,1165,1114,1096,1061,1010,972,959,925,889,874,773,745,707,674,662,604,580,550,493,444,444,430,421,406,393,349,338,328,314,305,303,302,288,281,272,266,241,238,233,219,199,184
TN,Robertson,Tennessee,4,1.03,598,705,1143,1130,1105,1076,1084,1010,984,973,948,924,901,882,875,855,839,834,826,815,801,792,776,768,751,751,742,729,722,715,708,705,701,703,670,658,657,649,633,609,597,594,584,580,567,553,545
TN,Lincoln,Tennessee,1,1.03,111,125,143,138,132,126,126,111,106,95,87,86,84,80,78,68,65,64,63,61,58,59,56,53,52,52,52,51,51,49,49,49,49,48,48,48,47,47,47,44,42,36,34,33,32,32,32
TN,McMinn,Tennessee,1,1.03,221,254,371,363,354,351,326,313,307,293,284,276,270,257,255,243,239,237,232,227,218,216,210,212,203,203,201,194,192,183,175,173,172,172,171,170,169,168,165,165,162,161,159,159,153,150,150
TN,Humphreys,Tennessee,1,1.03,46,51,62,62,60,58,55,53,52,48,47,39,39,38,35,35,29,28,27,27,26,23,22,20,20,20,19,18,18,18,18,18,18,18,18,18,18,18,18,18,18,17,18,18,17,16,16
TN,Shelby,Tennessee,3,1.03,10890,13821,16702,16468,16224,15632,15324,14891,14447,14163,13594,13423,13113,12842,12549,12176,11936,11793,11560,11145,10765,10344,10028,9671,9139,9139,8988,8643,8490,8268,8064,7916,7737,7623,7290,7183,7104,6954,6773,6537,6451,6365,6204,6125,6005,5860,5812
TN,Hamilton,Tennessee,1,1.03,3328,4097,4341,4233,4144,3994,3840,3721,3648,3535,3364,3305,3196,3088,3007,2867,2804,2781,2716,2665,2577,2532,2466,2433,2321,2321,2264,2185,2176,2120,2103,2074,2050,2000,1956,1881,1836,1731,1628,1536,1433,1210,1156,1122,1042,1028,1013
TN,Fayette,Tennessee,2,1.03,321,372,473,465,454,433,424,404,393,380,370,368,357,346,344,328,323,317,312,310,301,292,273,263,244,244,233,229,224,213,203,195,193,193,189,186,183,177,172,169,167,163,162,159,155,152,152
TN,Overton,Tennessee,3,1.03,57,63,91,91,90,89,88,86,80,79,73,72,70,68,67,65,63,62,61,59,58,57,56,55,51,51,50,46,45,44,43,42,41,40,38,38,38,38,37,37,37,36,36,35,35,35,34
TN,Madison,Tennessee,1,1.03,326,378,500,486,479,452,428,409,395,384,363,352,347,340,339,318,305,299,291,280,264,255,247,233,228,228,210,206,201,202,196,193,192,190,188,188,183,184,184,182,182,182,183,181,179,178,174
TN,Franklin,Tennessee,1,1.03,110,124,164,158,146,141,136,127,124,122,116,116,110,104,101,90,88,87,84,82,82,80,75,73,73,73,70,69,69,69,69,67,65,65,64,64,63,63,62,62,59,55,55,55,54,54,54
TN,Blount,Tennessee,1,1.03,445,520,538,518,509,488,416,381,358,348,339,340,306,280,272,262,229,227,218,212,205,188,173,162,156,156,152,150,142,139,130,127,127,119,118,115,110,106,104,104,104,97,96,96,94,94,93
TN,Lebanon,Tennessee,2,1.03,0,0,,,,,,,,,,,,,,,,,,,,,,,,,,,,,,,,,,,,,,,,,,,,,
TN,Wilson,Tennessee,2,1.03,1159,1389,1628,1601,1553,1457,1412,1338,1275,1261,1187,1148,1130,1099,1060,999,963,941,910,891,859,829,779,762,725,725,708,683,658,649,625,616,595,580,565,544,537,518,515,512,511,501,499,488,477,475,469
TN,Union,Tennessee,1,1.03,46,51,50,46,41,40,32,31,29,28,24,25,22,20,19,19,19,18,18,16,15,13,12,12,11,11,11,10,9,9,10,10,9,9,9,9,9,8,8,8,7,6,5,5,4,4,4
TN,Lascassas,Tennessee,1,1.03,0,0,,,,,,,,,,,,,,,,,,,,,,,,,,,,,,,,,,,,,,,,,,,,,
TN,Putnam,Tennessee,1,1.03,685,810,1214,1212,1204,1145,1136,1108,1091,1081,1019,1011,1002,989,926,919,906,883,882,853,814,805,783,773,735,735,726,706,675,676,673,663,655,643,630,612,613,610,601,588,588,572,571,569,552,552,529
TN,McNairy,Tennessee,1,1.03,143,162,162,160,153,148,146,138,126,117,107,101,100,91,84,76,76,73,69,68,64,62,58,56,52,52,50,48,47,45,42,40,38,38,35,33,31,31,27,27,26,25,24,23,24,23,19
MI,Macomb,Michigan,1,1.04,1429,1929,8418,8353,8271,8211,8138,8037,7922,7877,7830,7784,7739,7690,7651,7625,7580,7541,7521,7502,7469,7428,7359,7317,7297,7271,7252,7225,7191,7175,7165,7152,7146,7123,7112,7102,7091,7060,7050,7035,7016,7006,7000,7000,6997,6992,6989
GA,Cherokee,Georgia,1,1.04,1167,1543,2125,2110,2086,2014,1927,1868,1828,1799,1753,1734,1674,1621,1593,1551,1491,1460,1434,1399,1368,1348,1315,1283,1253,1219,1189,1177,1156,1126,1114,1099,1093,1079,1064,1058,1052,1040,1029,1017,1014,1000,990,978,975,959,958
GA,Whitfield,Georgia,1,1.04,1836,2471,2298,2246,2179,2070,2017,1978,1869,1840,1787,1765,1705,1610,1520,1464,1366,1326,1275,1218,1181,1152,1101,1055,1001,976,917,890,846,819,800,763,741,726,692,668,637,618,589,575,562,539,520,509,504,494,462
GA,Gwinnett,Georgia,1,1.04,9181,13166,13614,13444,13234,12897,12489,12217,11882,11691,11304,11074,10741,10415,10237,9972,9787,9645,9482,9085,8619,8362,8082,7755,7685,7604,7463,7223,7036,6636,6407,6151,6043,5958,5753,5658,5451,5308,5172,5141,5089,4980,4808,4692,4598,4440,4433
GA,Monroe,Georgia,1,1.04,183,225,306,300,293,283,273,261,240,232,229,229,229,226,226,213,207,198,192,188,170,165,160,156,156,154,152,142,139,138,137,135,135,135,135,135,133,131,130,127,127,126,126,124,123,123,123
GA,Douglas,Georgia,2,1.04,1158,1530,1750,1733,1692,1632,1576,1545,1499,1461,1409,1388,1347,1259,1230,1179,1137,1101,1079,1041,1021,971,917,879,878,864,843,821,793,778,740,724,712,708,698,682,669,660,655,651,641,634,624,612,601,592,592
GA,Cobb,Georgia,3,1.04,5268,7390,8510,8370,8223,7972,7713,7571,7388,7235,7049,6940,6708,6369,6255,6082,5857,5758,5679,5507,5301,5081,4877,4630,4607,4526,4433,4347,4269,4134,3969,3893,3841,3807,3751,3712,3679,3618,3581,3557,3522,3471,3370,3337,3298,3249,3242
GA,Muscogee,Georgia,2,1.04,2659,3631,3435,3382,3321,3196,3142,3061,2976,2889,2766,2698,2628,2438,2344,2206,2166,2137,2055,1943,1833,1741,1679,1536,1520,1496,1454,1428,1392,1341,1213,1169,1147,1146,1113,1099,1078,1022,1006,988,955,919,904,868,808,776,776
GA,Forsyth,Georgia,3,1.04,837,1092,1383,1372,1355,1312,1280,1257,1223,1193,1148,1123,1096,1057,1042,1006,959,944,934,903,871,851,828,792,788,778,756,737,721,694,660,650,642,638,627,616,603,598,595,594,589,579,579,575,556,546,546
GA,Jackson,Georgia,2,1.04,405,513,631,618,609,590,569,559,548,531,516,512,499,483,469,461,449,434,426,411,391,390,370,355,354,347,341,337,329,314,305,300,297,294,283,276,266,262,260,260,256,247,239,237,232,226,226
GA,Carroll,Georgia,1,1.04,793,1032,1373,1359,1325,1260,1200,1145,1108,1101,1050,1024,1008,946,916,881,864,846,813,770,741,730,704,678,673,669,658,651,650,646,635,625,622,627,621,619,619,614,614,611,602,593,591,587,585,580,580
GA,Elbert,Georgia,2,1.04,157,192,235,235,228,224,209,197,191,184,173,172,151,143,142,135,119,115,113,110,108,106,104,100,99,97,97,94,94,94,92,92,91,89,88,87,87,86,85,85,84,83,82,82,82,79,78
GA,Henry,Georgia,1,1.04,1457,1943,2213,2163,2098,2027,1976,1932,1851,1809,1769,1749,1692,1611,1568,1514,1460,1445,1415,1369,1285,1243,1203,1141,1141,1128,1093,1077,1062,1013,964,945,930,920,905,886,856,852,841,839,829,810,787,779,767,756,756
GA,Coweta,Georgia,1,1.04,556,714,1019,1010,988,963,938,927,914,897,888,881,856,821,806,794,787,777,766,754,708,684,667,647,643,634,615,600,599,569,554,550,545,548,538,526,519,515,511,509,507,488,476,474,468,463,463
GA,Fulton,Georgia,1,1.04,8557,12237,13379,13117,12872,12584,12184,11746,11354,11080,10595,10354,10021,9586,9358,9066,8883,8652,8433,7913,7527,7277,6965,6648,6610,6506,6350,6163,6052,5885,5705,5496,5444,5400,5325,5292,5148,5157,5106,5100,5069,5031,4989,4925,4887,4823,4822
GA,Greene,Georgia,1,1.04,89,106,165,161,159,156,154,136,123,120,117,117,111,109,108,107,104,104,101,101,98,98,98,97,97,97,96,91,91,90,89,88,88,88,87,87,86,86,86,86,86,86,83,83,80,78,76
GA,Dekalb,Georgia,1,1.04,5792,8156,9800,9732,9597,9308,9165,8980,8784,8618,8253,8144,7973,7472,7362,7158,7050,6905,6689,6381,6172,5959,5841,5469,5448,5404,5322,5258,5158,5042,4791,4694,4666,4637,4541,4489,4411,4355,4311,4303,4282,4229,4186,4120,4054,4012,4008
AR,Pulaski,Arkansas,17,1.05,2626,3808,3717,3652,3578,3497,3425,3298,3148,3019,2938,2886,2810,2713,2611,2522,2472,2425,2345,2258,2183,2080,2036,1916,1862,1810,1740,1655,1607,1556,1531,1514,1499,1445,1394,1365,1343,1302,1289,1266,1241,1225,1188,1131,1118,1103,1091
AR,Benton,Arkansas,4,1.05,3004,4384,3887,3832,3789,3699,3661,3598,3551,3496,3470,3416,3355,3270,3164,3095,3043,3000,2961,2917,2834,2752,2723,2679,2623,2573,2454,2262,2196,2128,2087,2003,1904,1841,1657,1612,1514,1480,1406,1362,1306,1219,1137,1090,1011,956,883
AR,Sevier,Arkansas,1,1.05,535,720,861,857,846,842,829,822,819,811,807,800,788,781,769,758,748,743,732,726,717,706,700,693,661,652,648,617,614,606,592,588,563,550,506,498,478,465,446,428,393,387,382,366,355,339,326
AR,Star City,Arkansas,3,1.05,0,0,,,,,,,,,,,,,,,,,,,,,,,,,,,,,,,,,,,,,,,,,,,,,
AR,White,Arkansas,5,1.05,120,150,169,169,168,167,165,157,156,149,141,128,121,115,107,101,98,96,93,92,92,87,86,85,84,82,80,79,80,76,76,73,73,70,69,65,61,59,58,56,54,55,52,50,50,49,49
AR,Lonoke,Arkansas,4,1.05,204,262,261,257,246,240,234,218,213,201,197,194,189,182,180,178,171,167,164,162,158,144,138,134,132,127,119,123,96,91,89,88,86,84,80,78,75,73,71,70,69,67,64,63,60,59,57
AR,Saline,Arkansas,19,1.05,464,620,594,584,578,565,540,521,512,490,471,458,433,420,399,375,359,353,337,319,311,292,275,261,250,246,233,225,217,211,210,209,200,195,190,189,184,181,174,167,166,163,159,150,147,135,130
AR,Faulkner,Arkansas,8,1.05,816,1120,926,905,888,869,857,830,810,788,771,757,727,701,648,622,612,593,564,545,529,492,477,453,437,409,382,350,339,305,290,269,246,227,205,195,180,172,154,147,142,136,124,119,117,113,110
AR,Miller,Arkansas,2,1.05,307,402,360,336,329,324,304,293,291,280,265,254,241,237,233,232,228,220,129,126,122,118,114,114,111,107,101,98,97,94,92,91,87,78,77,77,73,71,69,69,66,64,60,59,59,54,53
AR,Van Buren,Arkansas,1,1.05,9,10,38,38,38,37,37,37,37,36,35,35,36,36,36,34,34,33,33,33,33,33,35,34,34,34,33,30,30,30,30,30,30,30,30,30,30,30,30,30,30,30,30,30,30,30,29
AR,Calhoun,Arkansas,1,1.05,6,7,6,5,5,5,5,4,4,3,3,2,2,2,2,2,2,2,2,1,1,0,0,0,0,0,0,0,0,0,0,0,0,0,0,0,0,0,0,0,0,0,0,0,0,0,0
AR,Cleburne,Arkansas,1,1.05,82,101,156,154,153,149,148,138,137,133,132,130,128,124,119,117,115,111,110,102,101,92,85,85,84,83,82,79,78,77,77,77,77,76,76,75,75,75,75,75,74,74,74,75,75,74,74
AR,Garland,Arkansas,5,1.05,359,474,499,473,442,423,394,366,347,341,332,320,311,303,300,293,288,285,277,271,267,253,248,240,237,214,210,205,191,183,180,177,177,172,170,168,165,165,162,161,154,154,153,150,142,140,140
AR,Madison,Arkansas,1,1.05,181,231,231,229,227,226,226,223,224,223,223,222,215,214,214,211,203,206,200,198,197,194,192,190,188,175,174,168,163,162,154,146,142,137,128,128,122,119,111,107,99,67,58,57,54,54,50
AR,Clark,Arkansas,5,1.05,63,77,103,97,94,88,83,80,76,73,71,75,70,66,61,59,59,58,58,58,57,57,56,56,56,55,53,53,54,53,53,51,50,50,50,50,48,48,45,45,45,43,41,41,41,40,40
AR,Hot Spring,Arkansas,3,1.05,1320,1853,1354,1349,1344,1339,1310,1300,1294,1270,1266,1213,887,743,649,587,584,583,583,582,580,429,426,428,423,420,415,396,396,226,138,53,53,46,46,44,43,42,42,38,37,37,34,34,34,34,34
AR,Independence,Arkansas,2,1.05,81,100,114,110,107,97,93,83,79,74,73,71,66,66,61,60,61,60,60,61,59,55,55,55,54,51,49,49,48,46,46,46,44,44,43,43,43,42,42,39,39,37,36,36,36,33,33
AR,Washington,Arkansas,5,1.05,4321,6415,5234,5139,5059,4913,4860,4778,4721,4594,4526,4456,4344,4309,4266,4171,4137,4050,3932,3853,3766,3634,3578,3417,3320,3238,3140,2880,2767,2680,2531,2404,2321,2222,2141,2080,1977,1925,1804,1710,1605,1389,1235,1185,1097,1016,913
AR,Howard,Arkansas,1,1.05,150,190,178,169,167,161,158,157,154,138,137,135,131,121,115,106,102,101,100,98,96,94,89,86,82,76,75,73,70,70,68,68,62,54,47,45,42,41,38,38,38,38,35,36,33,31,28
AR,Sharp,Arkansas,3,1.05,33,39,81,80,79,77,75,72,69,69,68,64,62,61,58,56,58,58,58,57,54,53,53,53,53,53,53,53,52,51,51,50,50,50,50,50,50,50,50,50,51,50,50,49,48,48,48
AR,Pope,Arkansas,1,1.05,678,922,875,849,817,801,769,729,719,679,655,641,626,585,562,516,500,495,476,468,451,442,433,416,414,402,392,370,363,349,333,326,322,304,301,291,285,281,256,245,234,232,222,218,213,204,197
AR,Drew,Arkansas,2,1.05,95,118,116,113,111,102,102,98,96,95,92,89,85,85,80,79,77,76,73,70,69,65,65,64,63,53,49,44,41,39,39,37,34,32,29,27,26,26,26,25,25,25,23,21,21,21,21
AR,Craighead,Arkansas,1,1.05,439,585,739,710,701,682,650,626,610,565,545,541,524,514,498,485,482,480,472,467,458,453,451,447,442,436,430,422,415,404,401,396,388,385,372,369,365,363,358,352,346,337,331,318,305,302,300
AR,Grant,Arkansas,1,1.05,65,79,83,79,77,74,69,64,62,58,55,53,52,51,51,51,50,46,45,44,44,41,40,40,34,34,33,30,28,28,27,26,25,24,24,24,24,24,24,24,23,22,22,22,19,19,18
AR,Izard,Arkansas,1,1.05,11,12,28,28,28,28,26,26,26,25,25,25,24,24,24,25,23,23,23,23,23,23,20,20,20,20,20,20,20,20,20,20,20,20,20,20,20,20,20,19,17,17,17,17,17,17,17
AR,Carroll,Arkansas,2,1.05,251,326,286,270,262,253,251,239,236,230,228,225,220,212,200,197,195,190,187,187,172,168,168,169,166,161,158,149,141,136,136,129,126,102,100,95,92,88,80,70,66,56,42,40,38,38,35
PA,Chester,Pennsylvania,1,1.05,1312,1922,4326,4295,4245,4196,4129,4108,4053,4016,4012,3992,3954,3918,3892,3863,3839,3831,3800,3781,3751,3731,3711,3677,3658,3639,3607,3578,3559,3537,3513,3486,3457,3437,3397,3367,3343,3315,3295,3269,3247,3189,3161,3134,3102,3053,3014
MD,Anne Arundel,Maryland,1,1.06,1793,2887,6003,5955,5902,5813,5735,5683,5619,5562,5514,5471,5423,5391,5341,5305,5290,5261,5239,5200,5179,5134,5109,5092,5055,5042,5005,4985,4956,4946,4916,4904,4880,4862,4835,4796,4751,4623,4607,4522,4453,4421,4348,4309,4267,4236,4210
MO,St. Louis,Missouri,30,1.07,3809,6796,9114,8990,8862,8739,8561,8300,8140,7897,7809,7761,7586,7469,7284,7066,6931,6887,6837,6755,6682,6616,6582,6446,6357,6293,6201,6092,6004,5941,5878,5850,5825,5769,5731,5669,5653,5604,5536,5506,5460,5460,5455,5427,5373,5323,5305
MO,St. Charles,Missouri,25,1.07,938,1517,1774,1746,1673,1581,1533,1496,1437,1371,1341,1315,1265,1230,1197,1167,1140,1122,1117,1102,1082,1064,1061,1037,1010,1010,1003,995,974,968,957,954,951,943,933,926,922,910,890,890,882,879,871,852,844,838,836
MO,Jefferson,Missouri,6,1.07,330,496,728,711,690,670,643,635,613,594,583,564,558,539,527,514,504,502,503,496,488,480,463,452,445,445,438,432,428,407,401,401,401,391,389,388,381,378,376,376,374,427,411,411,407,398,398
MO,Phelps,Missouri,5,1.07,52,69,57,57,53,53,53,52,52,53,53,53,53,53,51,48,49,46,45,45,44,40,35,25,23,21,22,15,12,8,7,7,7,6,7,7,6,6,6,6,6,6,6,5,5,5,5
MO,Franklin,Missouri,7,1.07,210,306,360,354,348,337,324,317,305,283,279,273,264,248,235,231,227,217,217,217,213,208,206,206,204,204,202,201,192,193,191,188,188,180,178,173,172,168,166,166,166,164,156,156,153,150,150
MO,Polk,Missouri,4,1.07,89,122,93,85,55,26,25,23,22,22,21,20,19,19,17,16,15,15,15,15,16,16,15,13,13,13,13,11,11,12,10,10,10,10,11,10,9,10,8,8,7,7,4,4,4,4,4
MO,Warren,Missouri,7,1.07,60,80,89,85,78,72,68,65,60,57,57,57,54,54,53,54,50,48,48,45,44,43,43,40,40,40,39,37,34,34,33,33,33,32,32,32,32,30,30,30,31,31,31,30,29,29,29
MO,Greene,Missouri,18,1.07,476,734,650,625,596,575,546,517,492,469,435,431,425,407,385,373,351,328,317,308,298,292,292,282,265,265,260,246,238,233,228,225,218,214,210,199,197,193,188,188,185,184,183,179,176,174,174
MO,Grundy,Missouri,1,1.07,22,27,22,22,22,22,22,22,22,22,21,21,21,20,20,20,20,20,20,20,20,19,19,19,18,18,18,18,18,17,17,17,17,16,12,11,11,12,12,12,8,0,0,0,0,0,0
MO,Montgomery,Missouri,1,1.07,13,16,24,24,23,23,23,23,22,23,22,22,23,23,21,21,21,20,20,20,20,20,17,16,16,16,16,16,15,15,13,13,13,13,12,12,12,12,12,12,12,13,13,13,13,11,11
MO,Stoddard,Missouri,2,1.07,65,87,171,169,169,165,163,162,155,153,153,154,153,150,148,146,145,142,142,141,137,137,137,136,134,134,134,132,129,129,127,126,126,127,126,124,121,118,118,118,113,109,109,109,106,106,106
MO,St. Louis City,Missouri,10,1.07,1379,2291,3447,3403,3339,3256,3194,3134,3044,2970,2946,2916,2884,2811,2692,2657,2621,2587,2580,2565,2545,2493,2493,2453,2406,2353,2323,2213,2142,2319,2319,2319,2319,2319,2292,2254,2234,2219,2195,2195,2179,2162,2145,2132,2108,2071,2068
MO,Butler,Missouri,1,1.07,99,137,146,145,142,133,125,122,122,118,117,117,116,116,111,111,108,108,108,108,108,106,101,99,75,75,75,71,68,67,62,62,62,59,58,53,48,46,41,41,40,51,51,51,47,47,47
MO,Boone,Missouri,5,1.07,565,882,750,742,733,701,665,639,627,595,570,566,534,504,477,464,424,418,410,395,372,363,352,343,327,313,313,298,288,280,266,258,257,246,226,222,216,215,208,208,204,204,197,194,193,189,185
MO,Cape Girardeau,Missouri,2,1.07,360,544,445,429,428,407,400,375,361,330,328,329,314,292,271,252,221,214,210,193,182,171,161,153,145,141,133,126,123,123,121,120,119,117,114,111,110,108,104,104,101,98,88,87,87,85,85
MO,Owensville,Missouri,1,1.07,0,0,,,,,,,,,,,,,,,,,,,,,,,,,,,,,,,,,,,,,,,,,,,,,
MO,Cole,Missouri,3,1.07,100,138,161,159,158,143,133,126,116,111,103,103,100,99,95,94,87,84,82,81,79,76,75,75,72,72,73,63,64,63,61,60,60,58,57,57,57,57,57,57,57,61,61,61,61,61,61
MO,Wayne,Missouri,1,1.07,5,6,5,5,5,5,5,5,6,6,5,5,5,5,5,5,5,4,4,4,4,5,5,5,3,3,3,3,3,3,1,1,1,0,0,0,0,0,0,0,0,0,0,0,0,0,0
MO,St. Francois,Missouri,2,1.07,152,216,191,189,188,184,179,174,173,167,165,165,163,162,158,158,152,152,151,151,151,147,145,140,139,138,129,100,97,84,68,66,50,50,49,43,43,42,40,40,40,41,41,41,41,39,39
MO,St.e Genevieve,Missouri,1,1.07,0,0,,,,,,,,,,,,,,,,,,,,,,,,,,,,,,,,,,,,,,,,,,,,,
MO,Scott,Missouri,1,1.07,123,172,244,244,242,240,237,235,219,209,207,206,198,192,191,188,185,181,173,172,170,169,168,164,161,161,161,159,159,159,160,159,157,155,149,149,145,145,139,139,134,132,128,127,123,121,121
MO,Chaffee,Missouri,1,1.07,0,0,,,,,,,,,,,,,,,,,,,,,,,,,,,,,,,,,,,,,,,,,,,,,
MO,Gasconade,Missouri,1,1.07,17,21,19,18,18,18,18,18,17,15,15,15,14,13,13,12,12,12,12,12,12,13,13,12,11,11,9,7,6,5,4,4,4,3,2,2,2,2,2,2,2,2,2,2,2,2,2
MO,Harrison,Missouri,1,1.07,26,33,35,35,35,34,34,33,31,29,28,28,28,28,21,19,17,17,17,17,14,14,14,13,13,13,12,12,12,12,11,9,9,9,9,9,9,9,9,9,9,9,9,9,9,9,9
MO,Jasper,Missouri,4,1.07,0,0,,,,,,,,,,,,,,,,,,,,,,,,,,,,,,,,,,,,,,,,,,,,,
MO,Clay,Missouri,2,1.07,404,616,630,625,617,607,597,589,579,565,558,557,550,539,526,510,504,500,493,478,472,460,454,443,414,414,406,386,375,367,348,342,342,334,319,301,299,293,288,288,284,262,254,249,240,233,226
MO,Ripley,Missouri,1,1.07,19,23,30,27,24,23,23,22,20,20,20,20,20,20,20,19,19,19,19,19,19,19,19,19,17,17,17,17,16,14,14,14,14,12,12,12,11,11,11,11,12,11,11,11,11,11,11
MO,Jackson,Missouri,5,1.07,1258,2076,1954,1912,1810,1750,1704,1681,1646,1610,1586,1558,1543,1490,1438,1397,1359,1329,1318,1289,1247,1226,1210,1172,1149,1126,1103,1074,1076,1054,1030,1018,1016,976,933,916,889,865,819,819,791,782,752,727,716,702,696
MO,Webster,Missouri,1,1.07,60,80,78,76,74,67,62,60,55,54,51,51,50,47,46,48,44,42,39,39,35,33,31,28,27,27,26,24,23,22,21,21,20,20,19,19,18,18,18,18,18,18,18,18,18,18,18
MO,Cass,Missouri,2,1.07,183,264,285,268,250,237,233,225,217,207,205,205,195,190,178,169,164,161,159,152,141,140,138,135,130,125,123,120,116,116,116,116,116,112,110,109,115,114,111,111,111,110,108,105,104,102,102
MO,Laclede,Missouri,2,1.07,138,195,145,138,134,128,122,115,102,89,87,85,84,76,70,57,48,40,40,33,33,30,29,26,25,25,25,23,20,19,20,16,16,12,12,10,9,9,9,9,9,8,7,7,7,7,7
MO,Stone,Missouri,1,1.07,28,35,38,38,37,36,32,32,30,22,22,22,22,21,21,19,20,20,20,20,16,14,14,14,13,12,12,11,11,11,10,10,10,10,8,7,7,7,7,7,7,10,10,10,10,10,10
MO,Camden,Missouri,4,1.07,70,94,108,102,100,91,88,92,90,87,85,83,78,77,76,74,71,70,69,66,67,66,66,63,60,60,60,57,55,54,50,48,47,45,45,45,43,40,38,38,38,38,38,38,38,38,38
MO,Taney,Missouri,3,1.07,164,235,178,174,166,155,147,142,135,126,123,123,122,119,112,105,96,84,83,74,67,63,60,60,48,48,40,39,35,34,32,30,30,30,29,27,26,24,15,15,15,15,14,14,14,14,14
MO,Johnson,Missouri,3,1.07,278,413,355,354,350,322,296,279,264,249,246,236,219,208,199,197,169,162,161,151,141,124,124,114,112,112,101,96,91,91,89,89,89,90,87,84,81,80,80,80,79,79,78,78,78,77,77
MO,Platte,Missouri,3,1.07,131,184,208,207,198,192,176,173,164,156,154,152,151,143,139,135,131,130,130,124,121,117,117,117,114,114,110,108,107,105,102,102,102,102,101,99,99,98,97,97,89,84,81,80,79,77,77
MO,Christian,Missouri,9,1.07,93,128,122,118,113,104,93,90,80,77,76,73,71,67,64,54,49,48,47,47,46,45,44,43,41,40,39,38,37,35,32,32,32,31,31,30,30,30,29,29,29,29,29,29,29,29,29
MO,Clinton,Missouri,1,1.07,18,22,38,36,38,38,36,36,35,33,33,33,33,31,31,29,28,29,29,28,26,25,25,23,23,23,23,23,23,23,23,23,23,22,23,21,21,21,20,20,19,20,20,20,20,20,20
MO,Newton,Missouri,1,1.07,633,996,659,651,638,638,625,607,587,560,552,550,548,540,518,502,478,467,457,451,448,427,398,368,351,348,332,312,301,284,268,265,177,123,108,88,84,79,62,62,49,47,44,36,28,26,26
MO,Lawrence,Missouri,5,1.07,96,132,104,94,87,86,81,65,60,60,59,58,54,53,52,48,46,45,41,41,37,37,34,32,30,30,28,20,20,19,13,13,11,11,10,8,8,7,7,7,7,8,8,8,8,8,8
MO,Wright,Missouri,2,1.07,38,49,51,51,52,49,48,45,45,39,38,36,36,31,30,29,28,26,22,20,15,15,15,15,14,14,14,14,14,14,14,14,14,14,14,14,14,14,14,14,14,14,14,14,14,14,13
MO,Dent,Missouri,1,1.07,9,11,10,10,10,9,9,9,9,5,5,5,5,5,5,5,4,4,4,4,4,3,3,3,3,3,3,3,2,2,2,2,2,1,1,1,1,1,1,1,1,1,1,1,1,1,1
MO,Vernon,Missouri,2,1.07,32,41,42,41,40,38,36,38,36,34,32,32,29,28,26,26,27,27,27,26,17,17,17,16,16,16,16,15,13,13,13,12,12,12,12,12,12,12,12,12,12,12,12,12,12,11,10
MO,Licking,Missouri,1,1.07,0,0,,,,,,,,,,,,,,,,,,,,,,,,,,,,,,,,,,,,,,,,,,,,,
MO,McDonald,Missouri,1,1.07,794,1269,819,817,800,782,767,757,743,712,707,705,688,678,670,652,632,612,605,598,572,570,567,540,498,498,473,451,422,403,371,366,170,132,124,116,98,78,70,70,63,46,42,40,29,26,25
MO,Cedar,Missouri,1,1.07,16,19,25,25,25,20,16,15,12,12,12,12,12,12,12,12,11,11,11,11,9,9,9,9,9,9,9,9,9,9,9,9,9,9,9,9,9,9,9,9,9,9,9,9,9,9,9
MO,Barton,Missouri,1,1.07,51,67,51,48,45,42,41,41,37,34,34,33,31,31,31,30,29,28,28,26,26,26,25,24,22,21,21,21,17,16,15,15,15,15,10,11,9,7,1,1,1,0,0,0,0,0,0
MO,Pulaski,Missouri,3,1.07,48,63,155,155,155,146,146,146,145,141,143,140,137,134,134,130,129,128,128,127,128,125,125,120,120,120,117,116,115,106,106,106,106,106,106,106,106,106,106,106,106,109,109,109,107,107,107
MO,Stover,Missouri,1,1.07,0,0,,,,,,,,,,,,,,,,,,,,,,,,,,,,,,,,,,,,,,,,,,,,,
MO,Howard,Missouri,1,1.07,14,17,17,15,12,11,8,8,5,5,5,5,5,5,5,5,5,5,5,5,5,5,5,5,5,5,5,5,5,5,5,3,3,3,3,3,3,3,3,3,3,3,3,3,3,3,3
MO,Macon,Missouri,1,1.07,30,38,36,36,36,35,32,32,28,25,25,24,20,17,15,10,8,8,8,8,8,8,8,8,7,7,7,7,7,7,7,7,7,7,7,7,7,7,7,7,6,6,6,6,6,6,6
MO,Callaway,Missouri,5,1.07,49,64,81,80,78,78,72,64,64,64,63,63,63,61,61,61,57,57,56,55,51,46,46,45,44,44,46,45,46,45,42,42,42,42,42,40,40,40,36,36,34,34,34,34,34,33,32
MO,Pettis,Missouri,1,1.07,120,168,199,197,194,187,184,166,163,156,148,144,143,142,139,136,135,134,128,125,122,120,120,116,116,116,110,110,102,102,100,98,98,95,94,89,89,86,85,85,84,84,84,83,81,81,79
MO,Higginsville,Missouri,1,1.07,0,0,,,,,,,,,,,,,,,,,,,,,,,,,,,,,,,,,,,,,,,,,,,,,
MO,Osage,Missouri,1,1.07,17,21,22,17,17,15,15,15,15,15,13,13,12,11,11,10,9,9,9,7,7,7,7,7,7,7,6,6,6,6,5,5,5,5,5,5,5,5,5,5,5,6,6,6,6,5,5
MO,Texas,Missouri,1,1.07,15,18,16,16,16,16,13,14,13,11,11,11,11,10,9,9,9,7,6,6,6,5,4,4,4,4,4,4,5,2,2,2,2,1,1,1,1,1,1,1,1,1,1,1,1,1,1
MO,Randolph,Missouri,1,1.07,11,13,21,21,21,21,21,21,21,17,17,17,17,14,14,13,13,12,12,12,12,12,12,12,12,12,12,12,12,12,12,12,12,12,12,11,11,11,10,10,10,10,10,10,10,10,10
MO,Morgan,Missouri,1,1.07,25,31,34,31,29,28,28,28,28,28,28,27,27,26,26,22,19,19,19,15,14,14,14,13,13,13,13,13,13,11,12,12,12,12,12,11,9,9,9,9,9,9,9,9,9,9,9
MO,Dallas,Missouri,1,1.07,24,30,28,28,27,23,23,22,20,18,18,18,17,17,16,15,15,14,14,14,14,13,13,13,12,12,12,12,12,12,10,9,9,9,7,6,6,6,6,6,6,6,6,6,5,5,4
IL,Fayette,Illinois,2,1.08,17,21,38,35,34,32,30,28,26,25,24,24,23,23,24,23,23,23,23,23,23,23,23,23,23,23,23,23,23,23,23,23,23,23,23,23,22,22,22,22,22,22,22,21,21,21,21
IL,Madison,Illinois,6,1.08,900,1547,1534,1478,1457,1413,1368,1310,1285,1258,1198,1167,1133,1095,1077,1054,1042,1036,1007,991,966,947,932,931,917,903,883,872,841,826,815,813,800,785,771,750,740,733,720,707,683,681,660,647,642,639,634
IL,Peoria,Illinois,1,1.08,529,872,838,824,813,794,756,736,710,687,666,644,628,609,583,574,567,556,551,546,507,499,487,487,475,468,463,459,447,442,434,428,423,419,411,405,397,395,389,384,367,354,342,328,324,314,309
IL,McHenry,Illinois,1,1.08,773,1313,2480,2463,2446,2410,2384,2347,2309,2285,2266,2248,2229,2208,2179,2141,2120,2115,2103,2088,2074,2061,2032,2010,1999,1991,1975,1949,1937,1922,1921,1911,1898,1891,1884,1872,1864,1856,1849,1829,1810,1788,1776,1752,1733,1724,1707
IL,Jefferson,Illinois,2,1.08,35,46,136,130,127,125,124,123,117,115,114,114,115,113,111,107,107,107,106,106,106,107,107,107,106,106,105,105,107,104,104,104,104,104,104,104,104,104,104,103,103,101,101,101,101,101,101
IL,Monroe,Illinois,2,1.08,98,141,198,192,190,186,182,171,170,165,159,155,150,147,141,137,137,130,129,129,128,127,127,126,123,123,120,118,117,116,116,113,112,111,110,109,111,112,109,109,106,105,105,105,104,101,100
IL,St. Clair,Illinois,8,1.08,1471,2629,2767,2722,2650,2564,2488,2436,2386,2347,2304,2265,2202,2128,2089,2054,2037,2017,1988,1965,1927,1906,1874,1863,1801,1759,1722,1694,1671,1624,1610,1604,1584,1561,1538,1520,1492,1465,1446,1422,1392,1368,1354,1340,1319,1314,1296
IL,McLean,Illinois,1,1.08,178,269,404,386,382,368,349,340,334,326,322,315,308,301,292,289,285,277,273,267,265,261,260,257,257,256,255,254,253,253,254,251,247,246,246,246,243,241,241,241,238,235,231,230,228,226,226
MS,Union,Mississippi,1,1.08,234,358,325,323,319,307,282,266,258,256,254,252,246,238,233,218,210,207,207,191,181,175,172,166,161,160,157,150,138,131,128,109,109,109,109,109,108,102,102,97,96,93,93,92,92,91,91
IL,Randolph,Illinois,2,1.08,96,138,370,363,359,344,343,337,327,319,315,310,299,292,291,288,288,288,288,287,287,287,285,281,279,279,278,278,278,278,278,278,278,278,279,279,279,278,278,278,276,276,276,276,276,274,274
IL,Shelby,Illinois,1,1.08,13,16,29,29,27,27,24,23,21,21,20,20,20,20,19,19,19,19,19,19,18,18,18,18,18,16,16,16,16,16,16,16,16,16,16,16,16,16,16,16,16,16,16,16,16,16,16
IL,Woodford,Illinois,1,1.08,44,59,65,64,63,59,56,55,53,54,48,46,44,41,39,37,36,35,35,34,34,33,33,33,33,33,33,33,32,32,32,32,32,31,30,28,28,27,24,23,22,22,22,22,22,21,21
IL,Montgomery,Illinois,1,1.08,65,91,106,106,104,103,97,90,89,80,74,73,69,64,59,56,49,48,48,46,46,44,44,42,41,41,41,41,41,41,41,41,41,42,41,41,42,42,41,41,41,41,41,41,41,41,41
IL,Sangamon,Illinois,2,1.08,309,488,671,656,642,622,603,587,553,547,531,519,509,493,473,462,455,450,446,440,436,431,426,419,411,408,401,399,397,392,388,387,387,387,383,382,382,382,378,376,377,375,367,366,364,363,362
IL,Williamson,Illinois,2,1.08,137,203,213,201,196,186,181,173,164,162,161,155,145,139,134,133,133,132,126,122,121,120,115,114,113,106,104,102,99,95,93,93,92,91,91,89,87,86,83,82,80,81,81,81,77,76,76
IL,Effingham,Illinois,1,1.08,34,45,42,42,40,38,35,35,34,32,31,30,27,20,19,19,19,18,17,13,12,12,12,11,11,11,11,11,12,11,12,12,12,12,12,9,9,8,8,8,8,8,8,8,8,8,8
MS,Desoto,Mississippi,2,1.08,1789,3209,2394,2347,2265,2220,2171,2112,2050,2009,1959,1900,1865,1818,1767,1724,1620,1594,1572,1486,1442,1373,1311,1293,1224,1201,1157,1091,990,948,912,790,790,790,790,790,740,718,714,713,694,664,664,642,633,611,605
IL,Macoupin,Illinois,1,1.08,43,58,89,86,86,83,76,75,72,70,69,67,66,62,61,60,58,58,55,54,53,52,51,51,51,51,49,50,48,47,47,47,47,47,46,45,45,45,45,46,46,46,46,46,46,46,46
IL,Morgan,Illinois,1,1.08,99,143,145,145,142,138,137,135,134,134,134,134,132,132,132,132,130,130,130,130,129,128,128,127,126,126,124,123,123,121,119,119,119,119,118,110,108,106,106,105,105,100,56,55,47,47,46
IL,Clinton,Illinois,1,1.08,78,110,271,268,267,264,260,256,252,246,246,247,245,244,244,243,242,242,241,240,239,237,236,236,233,231,229,226,224,225,224,224,223,220,220,216,214,213,209,207,203,198,197,196,193,193,193
IL,Pulaski,Illinois,1,1.08,30,39,88,87,88,88,87,86,85,85,84,84,81,79,79,80,79,79,76,76,76,76,74,74,74,74,72,67,67,67,66,66,66,65,65,62,61,59,59,59,59,59,59,60,61,61,58
IL,Jersey,Illinois,1,1.08,30,39,54,52,51,51,50,48,45,44,43,40,40,38,37,36,35,35,35,35,35,35,35,35,35,35,35,34,33,32,33,31,29,29,29,29,29,28,28,28,28,28,27,26,25,26,24
IL,Union,Illinois,1,1.08,67,94,237,231,229,222,217,215,214,212,212,205,202,196,195,195,196,195,194,193,193,191,188,184,184,183,183,181,182,182,182,182,182,183,174,174,174,174,174,172,172,172,172,170,170,170,170
MS,Tippah,Mississippi,2,1.08,114,165,193,190,181,180,159,154,151,147,146,145,144,144,142,138,131,130,130,128,127,123,121,119,116,116,116,115,109,107,106,100,100,100,100,100,95,94,93,93,92,90,90,87,84,80,79
LA,Richland,Louisiana,1,1.08,233,368,382,372,348,348,332,302,294,290,283,272,257,249,242,217,215,211,204,204,202,195,188,183,175,168,168,160,155,152,150,148,148,144,167,167,164,164,163,163,160,159,157,157,156,153,149
MS,Hinds,Mississippi,1,1.08,2580,4762,3691,3579,3520,3418,3317,3188,3102,3041,2992,2908,2824,2697,2642,2591,2536,2498,2480,2382,2247,2152,2111,2048,1957,1893,1853,1772,1646,1589,1536,1390,1390,1390,1390,1390,1349,1308,1274,1263,1245,1206,1206,1186,1164,1137,1111
LA,Morehouse Parish,Louisiana,1,1.08,0,0,,,,,,,,,,,,,,,,,,,,,,,,,,,,,,,,,,,,,,,,,,,,,
MS,Taylorsville,Mississippi,1,1.08,0,0,,,,,,,,,,,,,,,,,,,,,,,,,,,,,,,,,,,,,,,,,,,,,
MS,Conehatta,Mississippi,1,1.08,0,0,,,,,,,,,,,,,,,,,,,,,,,,,,,,,,,,,,,,,,,,,,,,,
MS,Smithville,Mississippi,1,1.08,0,0,,,,,,,,,,,,,,,,,,,,,,,,,,,,,,,,,,,,,,,,,,,,,
MS,Columbus,Mississippi,1,1.08,0,0,,,,,,,,,,,,,,,,,,,,,,,,,,,,,,,,,,,,,,,,,,,,,
MS,Newton,Mississippi,1,1.08,138,203,435,435,416,408,390,384,379,377,376,375,367,357,352,347,339,339,339,338,332,328,328,329,329,330,326,325,326,324,325,325,325,325,325,325,324,322,321,321,320,313,313,307,301,298,297
MS,Oktibbeha,Mississippi,3,1.08,407,650,697,688,689,662,650,644,632,623,619,611,589,568,557,552,541,541,541,532,516,486,483,477,466,465,457,448,431,426,420,386,386,386,386,386,374,363,357,351,348,327,327,307,300,297,290
MS,Lowndes,Mississippi,1,1.08,387,616,650,639,629,608,597,569,553,549,548,548,536,526,515,509,494,483,483,472,459,453,444,438,431,425,421,412,399,392,384,352,352,352,352,352,335,317,315,311,311,290,290,277,274,270,263
MS,Jones,Mississippi,2,1.08,667,1108,1382,1346,1342,1302,1284,1266,1254,1231,1224,1203,1185,1173,1159,1140,1128,1124,1120,1104,1091,1069,1061,1033,1027,1014,998,994,965,952,928,910,910,910,910,910,899,881,868,852,845,812,812,792,777,729,715
MS,Neshoba,Mississippi,1,1.08,339,534,1086,1074,1065,1071,1067,1059,1050,1045,1046,1045,1039,1022,1016,1004,992,988,985,981,970,960,952,938,933,932,928,922,916,907,921,921,921,921,921,921,895,881,878,877,855,821,821,805,772,755,747
MS,Lafayette,Mississippi,1,1.08,440,707,596,586,577,560,548,536,527,509,506,497,464,437,419,409,393,391,389,377,368,352,339,330,323,320,310,303,289,269,254,209,209,209,209,209,195,181,175,171,169,161,161,157,157,156,156
AL,Lauderdale,Alabama,2,1.1,592,1107,773,748,730,701,690,664,633,600,577,568,555,537,514,501,496,490,489,473,457,444,410,392,372,363,352,332,323,306,297,296,293,288,280,265,260,249,234,230,216,207,196,192,188,184,181
AL,Hayden,Alabama,1,1.1,0,0,,,,,,,,,,,,,,,,,,,,,,,,,,,,,,,,,,,,,,,,,,,,,
AL,Colbert,Alabama,1,1.1,551,1023,757,728,702,670,645,613,582,528,509,495,481,465,442,426,408,395,391,383,377,368,363,358,347,341,333,323,314,303,298,297,295,290,284,276,269,265,253,249,241,230,219,216,212,209,206
AL,Madison,Alabama,7,1.1,3217,7099,3588,3462,3323,3148,2973,2901,2729,2535,2268,2119,1983,1907,1620,1554,1491,1430,1359,1271,1104,1057,1021,996,905,896,864,818,753,727,711,701,686,649,625,577,577,566,532,472,456,428,413,397,386,376,371
AL,Morgan,Alabama,5,1.1,1361,2761,1722,1664,1622,1577,1516,1489,1429,1397,1338,1269,1241,1220,1157,1128,1121,1102,1071,1047,1020,981,955,939,916,907,886,859,818,775,759,747,726,710,701,676,664,638,600,553,516,477,456,429,395,378,361
AL,Section,Alabama,1,1.1,0,0,,,,,,,,,,,,,,,,,,,,,,,,,,,,,,,,,,,,,,,,,,,,,
AL,Etowah,Alabama,2,1.1,1086,2155,1356,1307,1264,1236,1175,1136,1104,1069,1011,951,919,882,834,790,750,739,727,707,644,625,606,597,551,547,521,485,453,429,415,398,387,371,356,342,339,330,323,301,298,287,280,277,276,273,270
AL,Cullman,Alabama,3,1.1,646,1218,826,808,774,760,729,713,689,668,615,571,554,539,490,470,459,452,439,435,411,400,398,393,374,372,365,348,326,312,305,302,301,298,291,282,278,273,264,250,239,220,212,203,199,193,180
AL,Limestone,Alabama,1,1.1,760,1456,879,844,814,787,748,725,691,665,639,622,596,574,525,518,501,495,481,466,429,409,403,394,359,351,334,318,294,283,273,269,265,260,255,242,236,226,215,197,175,162,151,144,135,123,119
AL,Shelby,Alabama,6,1.1,1745,3627,2287,2208,2148,2055,1972,1880,1820,1764,1691,1642,1557,1509,1414,1357,1334,1284,1227,1176,1109,1082,1056,1018,951,942,914,877,843,811,779,765,759,740,711,687,674,655,637,615,596,580,567,560,554,549,542
AL,Jefferson,Alabama,16,1.1,6921,16465,8901,8640,8400,8105,7809,7449,7186,7012,6746,6433,6219,6030,5687,5486,5410,5221,4944,4802,4532,4387,4210,4053,3682,3603,3481,3332,3187,3100,3025,2943,2859,2791,2708,2647,2599,2537,2475,2410,2339,2250,2187,2131,2078,2039,1980
AL,Dale,Alabama,2,1.1,407,733,538,512,503,490,454,428,414,406,395,391,372,362,326,302,299,288,282,268,262,244,241,235,233,230,221,216,209,206,202,202,202,195,190,183,182,178,173,171,164,149,141,138,135,131,131
AL,Mobile,Alabama,7,1.1,3773,8458,6150,6017,5899,5713,5514,5349,5206,5061,4904,4753,4625,4418,4315,4219,4129,4080,4005,3904,3797,3697,3634,3537,3418,3362,3271,3219,3164,3052,3014,2994,2932,2899,2834,2788,2771,2723,2697,2660,2623,2593,2545,2487,2461,2433,2377
AL,Lee,Alabama,6,1.1,1466,2995,2043,1993,1960,1922,1861,1793,1716,1647,1596,1572,1535,1494,1463,1433,1411,1384,1359,1302,1245,1189,1167,1135,1064,1044,1026,1001,959,900,865,836,825,811,784,753,739,710,679,661,642,625,605,599,594,584,577
AL,Coffee,Alabama,1,1.1,302,529,546,531,519,493,483,473,453,436,428,424,416,407,392,386,381,377,373,370,359,353,352,346,340,339,334,326,326,315,313,313,311,310,300,297,296,290,282,274,265,260,250,249,248,246,244
AL,Marengo,Alabama,1,1.1,246,422,428,419,413,395,388,381,364,361,354,352,342,330,320,317,312,302,302,300,299,286,277,273,266,264,260,255,248,243,237,237,237,237,234,225,222,221,209,206,204,200,192,187,187,184,182
AL,Escambia,Alabama,1,1.1,558,1037,640,613,594,590,571,562,522,512,488,480,468,452,435,411,396,350,337,332,293,263,258,248,216,215,208,190,172,166,158,148,144,137,123,113,112,107,102,99,99,93,91,88,88,85,82
AL,Calhoun,Alabama,4,1.1,640,1206,814,768,724,703,659,642,577,554,515,490,456,436,403,387,376,354,332,322,280,270,268,261,237,237,228,225,212,208,207,205,203,202,202,200,198,196,195,190,188,184,182,180,178,176,174
AL,Baldwin,Alabama,5,1.1,1686,3492,1990,1914,1796,1669,1579,1499,1396,1341,1277,1207,1170,1114,1039,980,894,864,846,828,735,686,663,626,559,539,500,462,449,435,422,415,405,398,386,377,374,368,364,361,353,343,331,325,320,313,304
AL,Fairhope,Alabama,1,1.1,0,0,,,,,,,,,,,,,,,,,,,,,,,,,,,,,,,,,,,,,,,,,,,,,
AL,Thomaston,Alabama,1,1.1,0,0,,,,,,,,,,,,,,,,,,,,,,,,,,,,,,,,,,,,,,,,,,,,,
AL,Ozark,Alabama,1,1.1,0,0,,,,,,,,,,,,,,,,,,,,,,,,,,,,,,,,,,,,,,,,,,,,,
AL,Elmore,Alabama,3,1.1,867,1683,1268,1245,1222,1165,1148,1118,1101,1076,1067,1029,1007,989,975,962,943,925,903,864,836,813,806,796,774,771,744,730,706,689,677,660,650,633,603,576,568,547,528,502,485,471,447,437,427,411,401
AL,Marshall,Alabama,1,1.1,1670,3456,2400,2335,2284,2263,2206,2133,2090,2050,1980,1926,1904,1866,1815,1770,1724,1711,1702,1680,1622,1537,1495,1453,1408,1389,1326,1265,1182,1140,1097,1075,1054,1031,994,956,926,896,882,849,811,786,764,752,744,739,730
AL,Marion,Alabama,1,1.1,304,532,430,418,409,385,365,355,332,309,290,275,267,245,241,236,233,224,219,214,206,203,200,197,189,188,184,183,179,171,168,168,168,165,161,149,145,142,140,134,132,129,126,126,126,126,126
AL,Lawrence,Alabama,1,1.1,132,213,185,184,183,173,162,159,151,146,136,125,121,117,113,109,110,108,107,105,100,101,100,97,94,90,85,84,81,77,76,75,72,72,71,67,66,65,64,63,60,60,58,56,55,55,53
AL,Talladega,Alabama,2,1.1,475,869,602,580,567,537,507,451,433,417,401,389,367,349,333,323,317,309,303,300,282,267,257,245,223,220,206,200,193,189,185,182,178,170,168,166,165,163,157,153,149,146,140,136,134,132,127
AL,Henry,Alabama,1,1.1,107,169,192,189,181,172,167,165,161,157,155,153,146,143,140,136,136,134,132,131,130,130,129,128,132,132,130,128,123,121,119,115,115,111,110,109,109,108,107,99,97,94,93,89,89,88,85
AL,Choctaw,Alabama,1,1.1,83,128,238,237,235,227,222,221,221,220,217,212,209,202,199,197,195,195,195,195,192,192,191,191,188,188,188,187,185,185,185,185,185,185,182,180,177,175,175,167,166,162,158,157,156,155,155
AL,Barbour,Alabama,1,1.1,289,504,479,472,465,448,444,426,413,402,399,394,377,367,362,357,353,349,347,345,333,323,322,319,314,314,309,303,287,279,276,271,271,265,262,250,244,237,234,226,221,214,208,199,197,193,190
AL,Tuscaloosa,Alabama,6,1.1,2319,4956,3215,3152,3068,2994,2931,2837,2777,2743,2690,2632,2586,2544,2382,2346,2321,2288,2226,2188,2107,2049,1964,1925,1845,1839,1795,1739,1665,1637,1604,1581,1544,1526,1467,1418,1405,1342,1291,1239,1156,1070,1009,976,936,915,896
AL,Macon,Alabama,1,1.1,165,272,261,254,248,244,240,235,227,222,219,215,212,206,202,199,199,194,185,181,177,170,166,165,161,160,159,153,150,147,148,147,144,138,136,133,132,126,125,122,117,110,105,104,100,98,96
AL,Tallapoosa,Alabama,3,1.1,268,464,707,696,690,678,672,662,646,630,630,628,625,616,606,604,605,591,588,583,572,563,560,556,543,539,534,534,524,518,513,510,506,506,498,482,474,473,467,461,455,454,451,448,446,442,439
AL,Houston,Alabama,2,1.1,655,1237,892,834,773,737,708,684,658,641,607,585,561,552,536,510,507,496,479,461,446,434,424,420,425,420,396,373,372,354,348,345,344,341,333,328,319,315,307,293,279,270,259,253,246,245,237
AL,Blount,Alabama,4,1.1,395,710,465,441,421,406,395,367,344,331,320,296,281,273,258,251,243,235,230,226,218,214,204,196,186,185,181,173,165,156,150,146,140,136,127,121,119,114,110,102,95,87,79,75,73,72,70
AL,Pike,Alabama,3,1.1,307,538,546,537,533,523,519,501,491,480,479,472,467,459,452,452,437,429,420,417,407,399,396,395,389,388,382,378,373,366,357,356,356,352,344,342,340,334,324,307,298,283,266,259,250,243,239
AL,Autauga,Alabama,1,1.1,579,1080,838,823,810,773,765,743,733,715,698,676,662,653,643,636,610,607,583,560,553,545,530,521,497,492,482,473,463,447,436,428,425,405,394,369,367,364,357,331,323,312,295,282,272,265,259
AL,Montgomery,Alabama,11,1.1,3185,7022,5178,5057,4985,4855,4806,4732,4690,4599,4547,4430,4397,4339,4275,4246,4158,4127,4021,3947,3875,3839,3788,3727,3582,3576,3521,3467,3394,3307,3254,3215,3179,3106,3059,2956,2922,2871,2791,2644,2543,2436,2290,2221,2128,2054,1993
AL,St. Clair,Alabama,1,1.1,690,1309,828,790,763,738,706,671,646,598,544,513,484,469,440,416,402,382,366,347,319,304,292,277,249,247,237,228,219,210,204,201,196,193,182,180,176,173,170,167,158,153,149,141,141,140,138
AL,Walker,Alabama,2,1.1,824,1591,1257,1237,1226,1202,1160,1135,1126,1113,1075,1061,1056,1051,1018,985,978,939,914,905,871,867,843,827,786,780,763,751,731,712,695,683,669,664,642,616,611,578,568,540,523,500,481,467,460,452,433
AL,Russell,Alabama,1,1.1,743,1420,936,909,885,857,811,761,734,713,686,675,665,657,589,568,565,552,545,519,503,484,469,452,422,415,409,407,391,378,366,358,349,346,327,313,301,298,283,279,265,250,236,221,212,198,193
MN,Washington,Minnesota,1,1.12,753,1619,1465,1458,1422,1402,1369,1344,1324,1306,1283,1255,1228,1190,1163,1137,1114,1082,1069,1069,1048,1025,1008,995,984,968,948,926,917,905,898,885,868,843,833,826,802,799,796,787,766,748,735,732,731,721,712
KS,Sedgwick,Kansas,2,1.12,2126,5267,2766,2637,2553,2473,2386,2293,2219,2156,2023,1959,1844,1792,1703,1652,1597,1540,1499,1432,1328,1278,1208,1161,1120,1067,1026,1001,958,937,896,882,867,846,821,810,791,764,745,739,728,717,710,689,660,654,640
VA,Prince William,Virginia,1,1.12,2069,5088,8190,8152,8104,8034,7978,7947,7890,7847,7809,7769,7742,7687,7664,7638,7582,7570,7484,7442,7390,7331,7285,7210,7204,7166,7107,7064,7038,6962,6904,6879,6807,6756,6684,6654,6621,6608,6580,6509,6439,6396,6376,6336,6278,6207,6121
KS,Johnson,Kansas,4,1.12,2897,7444,3828,3744,3667,3564,3422,3286,3158,3081,2967,2857,2724,2633,2491,2356,2277,2205,2111,1993,1816,1798,1692,1651,1613,1550,1490,1427,1370,1316,1277,1257,1236,1197,1150,1107,1080,1075,1061,1031,1015,992,972,959,948,940,931
VA,Fairfax,Virginia,1,1.12,2878,7358,14934,14878,14798,14731,14687,14653,14574,14556,14482,14403,14356,14284,14253,14191,14205,14153,14072,13965,13886,13864,13850,13840,13778,13728,13653,13611,13588,13579,13499,13419,13341,13244,13209,13153,13103,13092,13017,12939,12863,12812,12746,12695,12603,12455,12056
KS,Butler,Kansas,1,1.12,95,163,132,115,115,115,110,108,102,97,88,88,88,82,77,67,67,67,67,60,60,56,53,53,51,51,51,55,52,51,50,47,47,47,41,37,37,37,37,37,37,37,37,37,37,37,37
IN,Vermillion,Indiana,1,1.12,10,13,20,20,20,20,20,20,20,20,20,20,20,17,14,14,14,14,14,13,13,13,13,13,13,13,13,13,13,13,13,13,13,13,13,12,12,11,11,11,11,10,10,10,10,10,10
KS,Crawford,Kansas,1,1.12,333,662,341,326,326,326,322,322,313,313,298,298,298,291,291,275,275,266,266,266,262,262,256,256,246,246,246,220,220,192,192,167,167,167,156,156,98,98,44,24,20,14,13,10,8,8,8
MN,Hennepin,Minnesota,1,1.12,5580,15123,14835,14734,14495,14348,14125,13948,13790,13697,13568,13328,13054,12867,12703,12597,12456,12329,12150,12150,12048,11892,11796,11656,11556,11415,11308,11178,11057,10988,10920,10830,10705,10607,10512,10415,10323,10281,10191,10069,9934,9815,9674,9567,9480,9372,9255
MN,Dodge,Minnesota,1,1.12,57,91,112,112,111,111,107,105,100,99,97,96,97,93,92,88,87,86,84,84,83,81,81,79,79,74,70,67,67,66,66,65,63,62,61,61,59,59,59,59,58,57,55,55,55,55,55
KS,Cherokee,Kansas,1,1.12,52,83,62,61,61,59,59,59,56,56,52,52,52,48,43,43,42,39,39,38,38,34,29,29,29,29,27,25,25,21,18,17,17,17,17,17,17,16,16,16,16,16,11,11,10,10,10
KS,Miami,Kansas,1,1.12,72,119,79,69,69,69,67,67,57,57,52,52,52,52,48,42,42,35,35,35,34,34,27,27,26,26,26,26,26,20,20,20,20,20,16,16,16,16,16,16,16,10,10,7,7,7,7
VA,Loudoun,Virginia,1,1.12,1731,4168,4670,4647,4596,4576,4557,4519,4458,4431,4407,4373,4349,4319,4282,4252,4216,4207,4175,4113,4083,4047,4000,3968,3932,3890,3806,3739,3683,3632,3612,3585,3543,3504,3499,3458,3439,3404,3384,3321,3280,3229,3180,3174,3147,3094,2939
IA,Plymouth,Iowa,1,1.13,225,450,380,377,372,370,368,364,354,353,352,346,345,336,327,324,322,322,316,313,313,305,300,296,291,288,283,272,254,253,249,243,229,226,212,205,203,201,200,196,190,186,173,172,169,163,155
CO,Arapahoe,Colorado,2,1.16,1449,4762,6075,6032,5990,5934,5854,5789,5734,5682,5647,5627,5583,5510,5459,5421,5369,5354,5329,5300,5267,5234,5202,5172,5157,5127,5100,5066,5022,4993,4975,4941,4921,4905,4885,4861,4826,4818,4803,4788,4754,4723,4709,4687,4663,4637,4626
CO,Adams,Colorado,1,1.16,1581,5271,5133,5094,5058,5024,4972,4916,4847,4788,4757,4719,4669,4588,4546,4478,4400,4362,4322,4287,4267,4226,4185,4170,4148,4093,4058,4013,3971,3941,3932,3909,3872,3852,3819,3791,3771,3759,3743,3729,3698,3663,3643,3627,3605,3575,3552
KY,Todd,Kentucky,1,1.37,5,9,28,28,27,27,27,27,27,27,28,28,26,26,26,26,26,26,26,26,25,25,25,25,25,25,25,24,24,24,23,23,23,23,23,23,23,23,23,23,23,23,23,23,23,23,23
KY,Pike,Kentucky,1,1.37,120,692,156,156,143,131,131,129,128,120,120,120,118,115,113,107,104,99,99,99,91,86,84,76,76,71,71,68,68,68,63,63,62,59,54,53,48,48,47,47,38,38,38,38,36,36,36
KY,Daviess,Kentucky,1,1.37,235,1733,575,570,562,553,539,534,518,511,499,499,493,483,469,467,458,452,452,452,440,435,433,431,428,428,421,414,407,404,382,381,375,373,370,368,360,360,353,353,350,347,343,341,342,340,340
KY,Jefferson,Kentucky,2,1.37,2220,37239,5263,5170,4962,4861,4778,4709,4661,4588,4561,4522,4458,4395,4312,4233,4173,4034,4034,4034,3991,3942,3901,3852,3829,3820,3765,3714,3682,3651,3609,3582,3561,3528,3481,3451,3363,3363,3323,3323,3278,3229,3226,3186,3104,3043,3043
KY,Elizabethtown,Kentucky,1,1.37,0,0,,,,,,,,,,,,,,,,,,,,,,,,,,,,,,,,,,,,,,,,,,,,,
KY,Warren,Kentucky,1,1.37,880,10521,1992,1985,1911,1879,1850,1830,1808,1742,1733,1722,1709,1685,1672,1651,1632,1583,1583,1583,1558,1547,1533,1508,1491,1481,1455,1426,1398,1376,1361,1357,1339,1323,1302,1299,1275,1275,1248,1248,1208,1184,1179,1157,1127,1112,1112
