State,County,StateName,MarineCnts,RtByState,PositiveTestedActiveCasesLast14Days,ProjectedNewInfectionsFromKnownPositiveCases,6/24/2020,6/23/2020,6/22/2020,6/21/2020,6/20/2020,6/19/2020,6/18/2020,6/17/2020,6/16/2020,6/15/2020,6/14/2020,6/13/2020,6/12/2020,6/11/2020,6/10/2020,6/9/2020,6/8/2020,6/7/2020,6/6/2020,6/5/2020,6/4/2020,6/3/2020,6/2/2020,6/1/2020,5/31/2020,5/30/2020,5/29/2020,5/28/2020,5/27/2020,5/26/2020,5/25/2020
MO,St. Louis,Missouri,30,1.22,544,2174.9,6004,5941,5878,5850,5825,5769,5731,5669,5653,5604,5536,5506,5460,5460,5455,5427,5373,5323,5305,5262,5229,5190,5121,5094,5047,5014,4980,4933,4887,4831,4762
IL,Fayette,Illinois,2,0.81,1,1,23,23,23,23,23,23,23,23,22,22,22,22,22,22,22,21,21,21,21,21,21,21,21,21,21,20,20,20,20,20,20
MO,St. Charles,Missouri,25,1.22,95,258.7,974,968,957,954,951,943,933,926,922,910,890,890,882,879,871,852,844,838,836,821,820,799,791,787,780,775,768,763,755,748,743
MN,Washington,Minnesota,1,0.91,169,106.5,917,905,898,885,868,843,833,826,802,799,796,787,766,748,735,732,731,721,712,700,680,670,658,645,636,617,598,576,562,553,527
IL,Madison,Illinois,6,0.81,160,61,841,826,815,813,800,785,771,750,740,733,720,707,683,681,660,647,642,639,634,624,612,600,595,594,580,572,565,545,544,540,539
IL,Peoria,Illinois,1,0.81,93,39.3,447,442,434,428,423,419,411,405,397,395,389,384,367,354,342,328,324,314,309,301,286,273,262,238,233,221,212,191,188,185,179
IL,McHenry,Illinois,1,0.81,149,57.6,1937,1922,1921,1911,1898,1891,1884,1872,1864,1856,1849,1829,1810,1788,1776,1752,1733,1724,1707,1677,1660,1628,1606,1585,1566,1539,1514,1488,1475,1452,1427
AL,Lauderdale,Alabama,2,1,116,116,323,306,297,296,293,288,280,265,260,249,234,230,216,207,196,192,188,184,181,175,172,169,167,166,164,161,156,153,145,141,135
MD,Anne Arundel,Maryland,1,0.82,535,172.7,4956,4946,4916,4904,4880,4862,4835,4796,4751,4623,4607,4522,4453,4421,4348,4309,4267,4236,4210,4150,4080,4009,3924,3842,3785,3743,3643,3556,3448,3394,3357
MI,Macomb,Michigan,1,1.2,185,525.5,7191,7175,7165,7152,7146,7123,7112,7102,7091,7060,7050,7035,7016,7006,7000,7000,6997,6992,6989,6985,6949,6927,6870,6855,6842,6771,6761,6726,6693,6660,6645
KS,Sedgwick,Kansas,2,0.91,241,147.1,958,937,896,882,867,846,821,810,791,764,745,739,728,717,710,689,660,654,640,635,625,616,604,601,580,580,575,573,564,560,559
MO,Jefferson,Missouri,6,1.22,1,1,428,407,401,401,401,391,389,388,381,378,376,376,374,427,411,411,407,398,398,398,396,395,390,363,349,349,349,348,345,344,337
AL,Hayden,Alabama,1,1,0,0,,,,,,,,,,,,,,,,,,,,,,,,,,,,,,,
AL,Colbert,Alabama,1,1,84,84,314,303,298,297,295,290,284,276,269,265,253,249,241,230,219,216,212,209,206,197,190,187,187,186,184,178,165,161,161,155,142
AL,Madison,Alabama,7,1,325,325,753,727,711,701,686,649,625,577,577,566,532,472,456,428,413,397,386,376,371,359,353,346,344,343,339,327,324,318,315,309,302
MO,Phelps,Missouri,5,1.22,6,8.9,12,8,7,7,7,6,7,7,6,6,6,6,6,6,6,5,5,5,5,5,5,5,4,4,4,4,4,4,4,4,4
AL,Morgan,Alabama,5,1,341,341,818,775,759,747,726,710,701,676,664,638,600,553,516,477,456,429,395,378,361,314,302,298,297,287,280,251,244,231,211,204,176
MO,Franklin,Missouri,7,1.22,28,58.3,192,193,191,188,188,180,178,173,172,168,166,166,166,164,156,156,153,150,150,149,149,143,142,141,139,139,140,140,140,140,140
MO,Polk,Missouri,4,1.22,4,5.4,11,12,10,10,10,10,11,10,9,10,8,8,7,7,4,4,4,4,4,4,4,3,3,3,3,3,3,3,3,3,3
MO,Warren,Missouri,7,1.22,3,3.8,34,34,33,33,33,32,32,32,32,30,30,30,31,31,31,30,29,29,29,29,28,28,28,28,28,28,28,28,28,28,28
AL,Section,Alabama,1,1,0,0,,,,,,,,,,,,,,,,,,,,,,,,,,,,,,,
IL,Jefferson,Illinois,2,0.81,6,4.3,107,104,104,104,104,104,104,104,104,104,104,103,103,101,101,101,101,101,101,101,101,101,101,101,101,101,101,101,101,101,101
AL,Etowah,Alabama,2,1,166,166,453,429,415,398,387,371,356,342,339,330,323,301,298,287,280,277,276,273,270,265,263,262,261,260,257,248,247,244,240,240,238
MO,Greene,Missouri,18,1.22,54,129.9,238,233,228,225,218,214,210,199,197,193,188,188,185,184,183,179,176,174,174,171,167,164,155,155,151,148,139,128,125,125,122
TX,Dallas,Texas,3,1.14,4878,16017.5,18135,17744,17299,16845,16437,16042,15648,15256,14843,14537,14232,13930,13585,13257,12945,12645,12347,12093,11830,11541,11243,10958,10719,10462,10234,9787,9787,9587,9385,9188,8998
AL,Cullman,Alabama,3,1,106,106,326,312,305,302,301,298,291,282,278,273,264,250,239,220,212,203,199,193,180,163,152,150,150,147,143,126,114,96,88,83,78
AL,Limestone,Alabama,1,1,132,132,294,283,273,269,265,260,255,242,236,226,215,197,175,162,151,144,135,123,119,110,108,108,108,108,106,94,92,87,86,82,77
MO,Grundy,Missouri,1,1.22,18,34,18,17,17,17,17,16,12,11,11,12,12,12,8,0,0,0,0,0,0,0,0,0,0,0,0,0,0,0,0,0,0
AL,Shelby,Alabama,6,1,263,263,843,811,779,765,759,740,711,687,674,655,637,615,596,580,567,560,554,549,542,536,528,522,522,522,517,503,497,484,470,467,447
IL,Monroe,Illinois,2,0.81,12,7.5,117,116,116,113,112,111,110,109,111,112,109,109,106,105,105,105,104,101,100,100,98,97,96,96,95,95,94,93,93,92,92
IL,St. Clair,Illinois,8,0.81,303,102.3,1671,1624,1610,1604,1584,1561,1538,1520,1492,1465,1446,1422,1392,1368,1354,1340,1319,1314,1296,1262,1227,1210,1172,1152,1137,1121,1091,1050,1035,1017,991
AL,Jefferson,Alabama,16,1,937,937,3187,3100,3025,2943,2859,2791,2708,2647,2599,2537,2475,2410,2339,2250,2187,2131,2078,2039,1980,1927,1901,1884,1882,1859,1837,1780,1744,1712,1673,1645,1630
IL,McLean,Illinois,1,0.81,18,10.4,253,253,254,251,247,246,246,246,243,241,241,241,238,235,231,230,228,226,226,226,224,224,221,220,220,218,217,216,215,212,211
MS,Union,Mississippi,1,1.06,45,56.5,138,131,128,109,109,109,109,109,108,102,102,97,96,93,93,92,92,91,91,89,89,86,85,84,83,83,81,80,78,74,72
IL,Randolph,Illinois,2,0.81,2,1.8,278,278,278,278,278,278,279,279,279,278,278,278,276,276,276,276,276,274,274,273,273,271,270,269,270,269,267,267,264,259,259
MO,Montgomery,Missouri,1,1.22,2,2.3,15,15,13,13,13,13,12,12,12,12,12,12,12,13,13,13,13,11,11,10,10,9,9,9,9,9,9,9,8,8,8
VA,Prince William,Virginia,1,0.79,642,165.2,7038,6962,6904,6879,6807,6756,6684,6654,6621,6608,6580,6509,6439,6396,6376,6336,6278,6207,6121,6030,5932,5837,5724,5663,5533,5412,5270,5157,5074,4992,4702
AL,Dale,Alabama,2,1,60,60,209,206,202,202,202,195,190,183,182,178,173,171,164,149,141,138,135,131,131,125,124,123,123,122,115,110,106,99,96,92,85
MO,Stoddard,Missouri,2,1.22,20,38.7,129,129,127,126,126,127,126,124,121,118,118,118,113,109,109,109,106,106,106,105,99,94,87,84,81,79,78,76,74,74,74
CO,Arapahoe,Colorado,2,0.9,299,169.1,5022,4993,4975,4941,4921,4905,4885,4861,4826,4818,4803,4788,4754,4723,4709,4687,4663,4637,4626,4591,4553,4496,4453,4416,4394,4353,4254,4201,4166,4121,4075
AL,Mobile,Alabama,7,1,571,571,3164,3052,3014,2994,2932,2899,2834,2788,2771,2723,2697,2660,2623,2593,2545,2487,2461,2433,2377,2341,2321,2284,2283,2271,2239,2191,2162,2124,2085,2054,2033
AL,Lee,Alabama,6,1,334,334,959,900,865,836,825,811,784,753,739,710,679,661,642,625,605,599,594,584,577,563,562,558,552,550,548,540,536,533,526,522,510
AL,Coffee,Alabama,1,1,66,66,326,315,313,313,311,310,300,297,296,290,282,274,265,260,250,249,248,246,244,240,239,239,238,238,236,229,226,224,219,216,206
IL,Shelby,Illinois,1,0.81,0,0,16,16,16,16,16,16,16,16,16,16,16,16,16,16,16,16,16,16,16,16,16,16,16,16,16,16,16,16,16,16,16
IL,Woodford,Illinois,1,0.81,10,6.5,32,32,32,32,32,31,30,28,28,27,24,23,22,22,22,22,22,21,21,21,21,21,21,21,19,19,19,18,18,18,17
AL,Marengo,Alabama,1,1,48,48,248,243,237,237,237,237,234,225,222,221,209,206,204,200,192,187,187,184,182,179,175,174,174,171,170,163,160,155,150,145,141
AL,Escambia,Alabama,1,1,79,79,172,166,158,148,144,137,123,113,112,107,102,99,99,93,91,88,88,85,82,79,75,75,74,72,63,57,57,49,48,45,43
TX,Tarrant,Texas,2,1.14,2562,7687.4,9386,9386,8955,8955,8331,8331,8099,7822,7642,7334,7253,7120,7120,6824,6599,6369,6150,6073,5985,5985,5761,5623,5534,5513,5463,5379,5190,5190,5039,4977,4977
AL,Calhoun,Alabama,4,1,28,28,212,208,207,205,203,202,202,200,198,196,195,190,188,184,182,180,178,176,174,169,167,165,165,164,160,154,153,152,152,150,146
MO,St. Louis City,Missouri,10,1.22,-20,#NUM!,2142,2319,2319,2319,2319,2319,2292,2254,2234,2219,2195,2195,2179,2162,2145,2132,2108,2071,2068,2053,2034,2006,1990,1974,1955,1930,1916,1906,1884,1867,1849
AL,Baldwin,Alabama,5,1,106,106,449,435,422,415,405,398,386,377,374,368,364,361,353,343,331,325,320,313,304,296,293,292,292,292,290,283,282,281,282,277,274
AL,Fairhope,Alabama,1,1,0,0,,,,,,,,,,,,,,,,,,,,,,,,,,,,,,,
MO,Butler,Missouri,1,1.22,17,31.7,68,67,62,62,62,59,58,53,48,46,41,41,40,51,51,51,47,47,47,47,45,42,40,35,35,35,32,30,29,29,29
AL,Thomaston,Alabama,1,1,0,0,,,,,,,,,,,,,,,,,,,,,,,,,,,,,,,
AL,Ozark,Alabama,1,1,0,0,,,,,,,,,,,,,,,,,,,,,,,,,,,,,,,
MO,Boone,Missouri,5,1.22,84,222.6,288,280,266,258,257,246,226,222,216,215,208,208,204,204,197,194,193,189,185,173,169,162,154,153,152,147,144,138,130,123,122
IL,Montgomery,Illinois,1,0.81,0,0,41,41,41,41,41,42,41,41,42,42,41,41,41,41,41,41,41,41,41,41,41,40,40,39,39,39,39,39,39,39,39
IL,Sangamon,Illinois,2,0.81,22,12.2,397,392,388,387,387,387,383,382,382,382,378,376,377,375,367,366,364,363,362,360,359,353,350,350,351,348,346,343,337,332,331
AR,Pulaski,Arkansas,17,1.05,382,514.2,1607,1556,1531,1514,1499,1445,1394,1365,1343,1302,1289,1266,1241,1225,1188,1131,1118,1103,1091,1065,1039,1003,969,903,888,876,846,830,808,802,793
AL,Elmore,Alabama,3,1,235,235,706,689,677,660,650,633,603,576,568,547,528,502,485,471,447,437,427,411,401,381,374,372,373,362,354,339,323,313,300,292,270
TX,Montgomery,Texas,1,1.14,634,1564.5,1831,1737,1647,1555,1555,1484,1484,1428,1359,1300,1258,1258,1258,1197,1162,1122,1090,1064,1064,1064,1053,1033,1010,966,954,954,954,926,926,888,888
CA,San Diego,California,3,1.05,2628,3895.9,11626,11294,11096,10794,10484,10350,10092,9730,9730,9610,9440,9314,8998,8998,8837,8619,8619,8345,8345,7940,7798,7674,7554,7481,7481,7385,7100,7100,6882,6797,6701
AR,Benton,Arkansas,4,1.05,977,1378.4,2196,2128,2087,2003,1904,1841,1657,1612,1514,1480,1406,1362,1306,1219,1137,1090,1011,956,883,826,804,700,676,607,578,507,468,428,339,315,297
IL,Williamson,Illinois,2,0.81,18,10.4,99,95,93,93,92,91,91,89,87,86,83,82,80,81,81,81,77,76,76,75,74,71,68,67,67,66,64,60,57,54,55
CO,Adams,Colorado,1,0.9,308,173.7,3971,3941,3932,3909,3872,3852,3819,3791,3771,3759,3743,3729,3698,3663,3643,3627,3605,3575,3552,3515,3458,3379,3338,3291,3258,3224,3142,3070,3006,2964,2908
KS,Johnson,Kansas,4,0.91,378,221.6,1370,1316,1277,1257,1236,1197,1150,1107,1080,1075,1061,1031,1015,992,972,959,948,940,931,910,887,865,857,844,812,812,801,771,760,746,738
IL,Effingham,Illinois,1,0.81,4,3.1,12,11,12,12,12,12,12,9,9,8,8,8,8,8,8,8,8,8,8,8,7,7,7,7,7,7,7,6,6,6,6
AR,Sevier,Arkansas,1,1.05,227,297.7,614,606,592,588,563,550,506,498,478,465,446,428,393,387,382,366,355,339,326,301,297,283,258,225,210,170,162,131,120,111,93
VA,Fairfax,Virginia,1,0.79,776,191.9,13588,13579,13499,13419,13341,13244,13209,13153,13103,13092,13017,12939,12863,12812,12746,12695,12603,12455,12056,11904,11815,11596,11426,11219,11110,10906,10738,10503,10069,9839,9482
MS,Desoto,Mississippi,2,1.06,326,461.3,990,948,912,790,790,790,790,790,740,718,714,713,694,664,664,642,633,611,605,593,575,559,553,550,542,533,520,503,493,485,474
AR,Star City,Arkansas,3,1.05,0,0,,,,,,,,,,,,,,,,,,,,,,,,,,,,,,,
IL,Macoupin,Illinois,1,0.81,2,1.8,48,47,47,47,47,47,46,45,45,45,45,46,46,46,46,46,46,46,46,46,46,46,46,45,45,45,45,44,43,42,41
AR,White,Arkansas,5,1.05,25,29.4,80,76,76,73,73,70,69,65,61,59,58,56,54,55,52,50,50,49,49,48,48,48,46,44,44,44,43,43,42,40,40
IL,Morgan,Illinois,1,0.81,23,12.7,123,121,119,119,119,119,118,110,108,106,106,105,105,100,56,55,47,47,46,42,42,39,38,36,36,36,35,34,34,34,34
AR,Lonoke,Arkansas,4,1.05,29,34.3,96,91,89,88,86,84,80,78,75,73,71,70,69,67,64,63,60,59,57,57,56,55,54,49,48,47,47,46,45,46,46
AR,Saline,Arkansas,19,1.05,54,65.9,217,211,210,209,200,195,190,189,184,181,174,167,166,163,159,150,147,135,130,123,120,121,116,113,112,112,110,108,99,100,98
KS,Butler,Kansas,1,0.91,15,11.8,52,51,50,47,47,47,41,37,37,37,37,37,37,37,37,37,37,37,37,37,37,37,34,34,31,31,31,31,29,29,28
AR,Faulkner,Arkansas,8,1.05,203,264.8,339,305,290,269,246,227,205,195,180,172,154,147,142,136,124,119,117,113,110,108,108,106,103,102,102,102,102,101,100,100,100
MO,Cape Girardeau,Missouri,2,1.22,25,50.8,123,123,121,120,119,117,114,111,110,108,104,104,101,98,88,87,87,85,85,83,77,76,76,74,73,73,73,70,68,64,62
AR,Miller,Arkansas,2,1.05,33,39.3,97,94,92,91,87,78,77,77,73,71,69,69,66,64,60,59,59,54,53,52,50,49,47,45,44,43,42,42,42,42,42
AR,Van Buren,Arkansas,1,1.05,0,0,30,30,30,30,30,30,30,30,30,30,30,30,30,30,30,30,30,30,29,29,29,29,29,28,28,28,28,28,28,28,28
TN,Rutherford,Tennessee,13,1.14,591,1444.1,2211,2150,2100,2060,2019,1990,1888,1851,1820,1775,1719,1675,1653,1620,1600,1568,1522,1479,1443,1398,1343,1321,1278,1196,1196,1196,1162,1116,1090,1063,1029
TN,Knox,Tennessee,3,1.14,229,490,740,716,693,656,638,609,594,573,569,560,553,539,525,511,500,491,481,469,461,445,435,436,410,375,375,375,366,357,356,345,336
TN,Dickson,Tennessee,3,1.14,21,32.2,150,150,146,147,145,145,140,140,138,138,135,133,131,129,128,127,125,125,124,121,120,118,116,109,109,109,110,110,107,106,104
TN,Maury,Tennessee,6,1.14,109,210.2,248,241,224,220,218,205,198,177,171,163,152,149,147,139,128,124,116,115,115,108,107,105,102,89,89,89,88,81,81,80,79
AR,Calhoun,Arkansas,1,1.05,0,0,0,0,0,0,0,0,0,0,0,0,0,0,0,0,0,0,0,0,0,0,0,0,0,0,0,0,0,0,0,0,0
AL,Marshall,Alabama,1,1,396,396,1182,1140,1097,1075,1054,1031,994,956,926,896,882,849,811,786,764,752,744,739,730,714,708,705,705,700,693,687,681,668,660,660,650
AR,Cleburne,Arkansas,1,1.05,4,4.3,78,77,77,77,77,76,76,75,75,75,75,75,74,74,74,75,75,74,74,74,76,76,74,74,73,73,73,73,73,73,73
TN,Davidson,Tennessee,21,1.14,1772,5049.5,8062,7867,7716,7668,7571,7502,7253,7082,7016,6818,6682,6435,6379,6290,6190,6125,5947,5801,5742,5638,5516,5429,5323,5040,5040,5040,4968,4894,4826,4716,4632
TN,Cheatham,Tennessee,3,1.14,26,41,177,175,167,165,164,164,161,159,158,155,153,153,152,151,149,146,144,143,141,140,135,135,134,123,123,123,118,118,114,112,110
TN,Williamson,Tennessee,12,1.14,178,367.7,840,813,793,782,775,767,742,730,723,703,686,675,670,662,654,648,630,621,606,595,589,577,567,552,552,552,542,533,532,527,522
TN,Cumberland,Tennessee,1,1.14,23,35.7,152,148,145,142,137,137,138,137,137,133,131,131,130,129,127,126,125,125,124,120,120,119,118,112,112,112,111,111,111,111,109
TN,Bedford,Tennessee,1,1.14,73,133.1,445,436,432,430,428,416,404,403,392,379,379,379,376,372,346,341,332,325,314,302,297,295,295,283,283,283,283,274,270,269,269
KY,Todd,Kentucky,1,0.99,1,1,24,24,23,23,23,23,23,23,23,23,23,23,23,23,23,23,23,23,23,23,23,18,17,17,17,17,17,17,17,17,16
AR,Garland,Arkansas,5,1.05,37,44.3,191,183,180,177,177,172,170,168,165,165,162,161,154,154,153,150,142,140,140,138,138,138,136,136,136,136,136,136,135,134,134
TN,Sumner,Tennessee,3,1.14,182,377.1,1231,1212,1196,1181,1165,1155,1130,1119,1112,1105,1088,1075,1059,1049,1033,1011,987,975,967,951,938,931,913,881,881,881,858,852,843,838,827
AL,Marion,Alabama,1,1,50,50,179,171,168,168,168,165,161,149,145,142,140,134,132,129,126,126,126,126,126,125,124,124,124,122,122,121,120,119,117,117,114
TN,Smith,Tennessee,2,1.14,16,23.6,53,51,50,50,49,48,46,43,43,41,40,40,39,37,37,37,37,36,36,36,36,37,36,34,34,34,32,30,30,30,30
TN,Montgomery,Tennessee,3,1.14,95,179.7,407,392,385,384,368,363,356,341,341,339,332,324,319,312,310,310,301,294,287,287,286,283,277,269,269,269,262,261,258,251,248
TN,Bradley,Tennessee,2,1.14,165,337.2,406,393,349,338,328,314,305,303,302,288,281,272,266,241,238,233,219,199,184,174,166,161,157,122,122,122,113,108,105,99,98
KY,Pike,Kentucky,1,0.99,30,29,68,68,63,63,62,59,54,53,48,48,47,47,38,38,38,38,36,36,36,34,32,30,30,30,29,29,29,28,28,28,28
AR,Madison,Arkansas,1,1.05,96,120.6,163,162,154,146,142,137,128,128,122,119,111,107,99,67,58,57,54,54,50,43,34,30,29,23,23,22,13,6,6,6,5
CA,Orange,California,1,1.05,3029,4522.4,11016,10737,10595,10422,9988,9576,9292,9197,8999,8759,8573,8269,8153,7987,7737,7614,7527,7440,7321,7064,6783,6678,6574,6474,6261,6100,5923,5744,5646,5578,5469
TN,Robertson,Tennessee,4,1.14,128,252.5,722,715,708,705,701,703,670,658,657,649,633,609,597,594,584,580,567,553,545,542,523,516,511,465,465,465,449,441,426,414,389
AL,Lawrence,Alabama,1,1,21,21,81,77,76,75,72,72,71,67,66,65,64,63,60,60,58,56,55,55,53,51,51,51,51,50,50,48,48,46,46,45,43
TN,Lincoln,Tennessee,1,1.14,15,21.9,51,49,49,49,49,48,48,48,47,47,47,44,42,36,34,33,32,32,32,30,29,29,28,25,25,25,25,25,25,25,25
CA,Santa Clara,California,1,1.05,769,1072.1,3832,3727,3606,3547,3458,3398,3363,3288,3254,3230,3197,3157,3117,3063,3032,3017,2973,2942,2920,2892,2850,2832,2819,2776,2776,2731,2707,2701,2688,2675,2652
CA,San Bernardino,California,1,1.05,3665,5524.3,10407,10010,9361,9156,8959,8714,8454,8014,7796,7515,7359,7161,6976,6742,6593,6417,6247,6040,6040,5930,5650,5650,5501,5355,5246,5200,5034,4914,4567,4567,4365
GA,Cherokee,Georgia,1,1.14,156,316.3,1156,1126,1114,1099,1093,1079,1064,1058,1052,1040,1029,1017,1014,1000,990,978,975,959,958,944,934,923,911,910,909,890,885,869,861,850,831
NC,Mecklenburg,North Carolina,1,1,3178,3178,9333,9086,8956,8752,8511,8166,7804,7563,7468,7321,7131,6862,6538,6155,5861,5682,5682,5509,5358,5057,4842,4670,4519,4412,4250,4028,3837,3605,3478,3403,3380
NC,Forsyth,North Carolina,1,1,712,712,2679,2615,2575,2524,2497,2463,2372,2333,2283,2250,2204,2128,2051,1967,1925,1898,1816,1774,1721,1660,1560,1517,1441,1441,1347,1253,1207,1081,1022,1012,969
TN,McMinn,Tennessee,1,1.14,31,50.1,192,183,175,173,172,172,171,170,169,168,165,165,162,161,159,159,153,150,150,146,146,144,143,141,141,141,136,136,136,135,135
FL,Lee,Florida,1,1.39,1444,24648.9,3944,3745,3666,3627,3556,3475,3354,3187,3015,2877,2836,2634,2563,2500,2422,2388,2315,2289,2253,2200,2147,2087,1967,1943,1908,1894,1847,1802,1767,1759,1736
TN,Humphreys,Tennessee,1,1.14,1,1,18,18,18,18,18,18,18,18,18,18,18,18,18,17,18,18,17,16,16,16,15,15,15,13,13,13,13,13,13,13,13
FL,Columbia,Florida,1,1.39,66,338.2,243,233,232,227,219,205,205,202,187,183,182,177,177,177,175,174,171,171,171,167,160,153,147,148,144,144,140,136,135,132,131
GA,Whitfield,Georgia,1,1.14,307,684.4,846,819,800,763,741,726,692,668,637,618,589,575,562,539,520,509,504,494,462,438,427,408,391,391,374,351,331,322,311,303,283
GA,Gwinnett,Georgia,1,1.14,2056,5982,7036,6636,6407,6151,6043,5958,5753,5658,5451,5308,5172,5141,5089,4980,4808,4692,4598,4440,4433,4372,4267,4063,3891,3870,3780,3769,3733,3619,3480,3307,3198
GA,Monroe,Georgia,1,1.14,13,18.6,139,138,137,135,135,135,135,135,133,131,130,127,127,126,126,124,123,123,123,123,124,124,121,121,120,120,120,119,118,119,118
SC,Lexington,South Carolina,1,1.33,633,5319.5,1625,1555,1513,1491,1451,1377,1298,1254,1216,1184,1155,1098,1049,992,941,913,879,836,766,766,677,677,677,657,645,625,597,589,581,572,558
GA,Douglas,Georgia,2,1.14,159,323.3,793,778,740,724,712,708,698,682,669,660,655,651,641,634,624,612,601,592,592,583,571,556,549,546,543,539,539,528,521,517,504
GA,Cobb,Georgia,3,1.14,798,2033.7,4269,4134,3969,3893,3841,3807,3751,3712,3679,3618,3581,3557,3522,3471,3370,3337,3298,3249,3242,3223,3165,3097,3056,3052,3027,3009,2987,2948,2907,2854,2795
GA,Muscogee,Georgia,2,1.14,473,1120.3,1392,1341,1213,1169,1147,1146,1113,1099,1078,1022,1006,988,955,919,904,868,808,776,776,750,697,673,637,632,615,604,602,593,587,568,564
GA,Forsyth,Georgia,3,1.14,142,284.2,721,694,660,650,642,638,627,616,603,598,595,594,589,579,579,575,556,546,546,541,535,534,532,523,512,512,512,507,502,492,480
TN,Shelby,Tennessee,3,1.14,2125,6211.4,8490,8268,8064,7916,7737,7623,7290,7183,7104,6954,6773,6537,6451,6365,6204,6125,6005,5860,5812,5669,5546,5428,5313,4943,4943,4943,4823,4718,4615,4516,4451
TN,Hamilton,Tennessee,1,1.14,966,2528.6,2176,2120,2103,2074,2050,2000,1956,1881,1836,1731,1628,1536,1433,1210,1156,1122,1042,1028,1013,992,964,935,910,794,794,794,753,719,670,642,601
IA,Plymouth,Iowa,1,0.99,68,65.2,254,253,249,243,229,226,212,205,203,201,200,196,190,186,173,172,169,163,155,152,146,139,135,133,132,129,127,119,119,118,116
IL,Clinton,Illinois,1,0.81,26,14,224,225,224,224,223,220,220,216,214,213,209,207,203,198,197,196,193,193,193,190,189,188,188,186,186,186,181,180,178,178,177
GA,Jackson,Georgia,2,1.14,82,152,329,314,305,300,297,294,283,276,266,262,260,260,256,247,239,237,232,226,226,221,210,199,198,195,184,184,184,175,171,153,148
IL,Pulaski,Illinois,1,0.81,8,5.4,67,67,66,66,66,65,65,62,61,59,59,59,59,59,59,60,61,61,58,58,57,56,55,56,56,56,51,41,41,40,40
IL,Jersey,Illinois,1,0.81,5,3.7,33,32,33,31,29,29,29,29,29,28,28,28,28,28,27,26,25,26,24,24,24,24,24,24,24,20,20,20,20,20,20
TN,Fayette,Tennessee,2,1.14,61,108.5,224,213,203,195,193,193,189,186,183,177,172,169,167,163,162,159,155,152,152,144,136,125,121,115,115,115,112,110,110,108,107
IL,Union,Illinois,1,0.81,10,6.5,182,182,182,182,182,183,174,174,174,174,174,172,172,172,172,170,170,170,170,171,171,168,157,155,154,155,151,151,143,141,141
MS,Tippah,Mississippi,2,1.06,19,22.7,109,107,106,100,100,100,100,100,95,94,93,93,92,90,90,87,84,80,79,76,76,76,76,73,73,73,71,71,71,71,70
TN,Overton,Tennessee,3,1.14,9,12.2,45,44,43,42,41,40,38,38,38,38,37,37,37,36,36,35,35,35,34,33,32,32,32,26,26,26,26,26,25,23,21
TN,Madison,Tennessee,1,1.14,19,28.7,201,202,196,193,192,190,188,188,183,184,184,182,182,182,183,181,179,178,174,173,173,173,175,175,175,175,175,175,174,174,173
TN,Franklin,Tennessee,1,1.14,14,20.3,69,69,69,67,65,65,64,64,63,63,62,62,59,55,55,55,54,54,54,54,54,54,54,53,53,53,51,49,49,48,46
KY,Daviess,Kentucky,1,0.99,60,57.6,407,404,382,381,375,373,370,368,360,360,353,353,350,347,343,341,342,340,340,339,337,330,323,324,317,317,316,313,312,308,305
TN,Blount,Tennessee,1,1.14,45,76.7,142,139,130,127,127,119,118,115,110,106,104,104,104,97,96,96,94,94,93,93,93,93,93,91,91,91,89,89,89,84,82
IN,Vermillion,Indiana,1,0.83,3,2.5,13,13,13,13,13,13,13,12,12,11,11,11,11,10,10,10,10,10,10,10,10,10,10,10,10,10,10,10,10,9,9
AL,Talladega,Alabama,2,1,47,47,193,189,185,182,178,170,168,166,165,163,157,153,149,146,140,136,134,132,127,121,119,117,117,117,113,109,106,100,96,95,91
KY,Jefferson,Kentucky,2,0.99,453,426.1,3682,3651,3609,3582,3561,3528,3481,3451,3363,3363,3323,3323,3278,3229,3226,3186,3104,3043,3043,2843,2760,2612,2562,2519,2437,2437,2329,2267,2253,2219,2050
AR,Clark,Arkansas,5,1.05,11,12.4,54,53,53,51,50,50,50,50,48,48,45,45,45,43,41,41,41,40,40,40,40,41,39,39,39,39,39,38,37,37,36
KY,Elizabethtown,Kentucky,1,0.99,0,0,,,,,,,,,,,,,,,,,,,,,,,,,,,,,,,
LA,Richland,Louisiana,1,1.09,-4,#NUM!,155,152,150,148,148,144,167,167,164,164,163,163,160,159,157,157,156,153,149,148,148,143,139,138,135,128,125,125,124,119,119
MO,Owensville,Missouri,1,1.22,0,0,,,,,,,,,,,,,,,,,,,,,,,,,,,,,,,
TX,Nacogdoches,Texas,1,1.14,36,59.5,353,349,346,345,343,341,337,329,326,324,324,324,317,317,315,305,304,304,301,301,298,294,290,288,287,287,271,271,261,257,257
AR,Hot Spring,Arkansas,3,1.05,359,481.8,396,226,138,53,53,46,46,44,43,42,42,38,37,37,34,34,34,34,34,34,34,33,32,32,32,32,32,31,30,30,30
CA,Los Angeles,California,1,1.05,20674,33977.8,89633,88512,86017,83414,81709,79655,78348,77260,75162,73832,73018,72057,70529,68959,67111,65945,64690,63844,62382,61068,59692,58261,57219,56011,55001,53746,51678,49860,48761,47845,46023
MO,Cole,Missouri,3,1.22,3,3.8,64,63,61,60,60,58,57,57,57,57,57,57,57,61,61,61,61,61,61,61,61,61,61,61,60,60,60,60,60,60,60
MO,Wayne,Missouri,1,1.22,3,3.8,3,3,1,1,1,0,0,0,0,0,0,0,0,0,0,0,0,0,0,0,0,0,0,0,0,0,0,0,0,0,0
MO,St. Francois,Missouri,2,1.22,56,135.8,97,84,68,66,50,50,49,43,43,42,40,40,40,41,41,41,41,39,39,38,38,36,36,35,35,35,34,33,33,33,33
MO,St.e Genevieve,Missouri,1,1.22,0,0,,,,,,,,,,,,,,,,,,,,,,,,,,,,,,,
TX,Gregg,Texas,1,1.14,39,65.1,313,310,305,305,305,304,302,296,285,278,278,278,274,274,273,272,257,257,257,250,249,244,236,213,213,213,201,201,197,185,185
AR,Independence,Arkansas,2,1.05,11,12.4,48,46,46,46,44,44,43,43,43,42,42,39,39,37,36,36,36,33,33,33,33,33,34,31,31,31,30,29,29,29,28
AR,Washington,Arkansas,5,1.05,1378,1977.9,2767,2680,2531,2404,2321,2222,2141,2080,1977,1925,1804,1710,1605,1389,1235,1185,1097,1016,913,824,771,652,620,562,509,452,410,352,326,303,276
TX,Hopkins,Texas,1,1.14,10,13.8,51,51,50,50,48,48,44,44,44,41,41,41,41,41,39,39,30,30,29,28,27,27,26,26,26,26,24,24,21,18,17
AR,Howard,Arkansas,1,1.05,32,38.1,70,70,68,68,62,54,47,45,42,41,38,38,38,38,35,36,33,31,28,27,26,26,25,21,21,20,19,18,17,17,17
AR,Sharp,Arkansas,3,1.05,2,2.1,52,51,51,50,50,50,50,50,50,50,50,50,51,50,50,49,48,48,48,48,47,47,46,46,46,46,46,45,42,42,42
AR,Pope,Arkansas,1,1.05,131,167.2,363,349,333,326,322,304,301,291,285,281,256,245,234,232,222,218,213,204,197,184,178,171,166,161,148,142,136,129,125,124,119
TX,Cherokee,Texas,1,1.14,28,44.6,82,77,67,67,67,67,65,61,61,54,54,54,54,54,54,54,52,52,52,50,49,47,46,44,44,44,44,44,44,42,42
MO,Scott,Missouri,1,1.22,27,55.8,159,159,160,159,157,155,149,149,145,145,139,139,134,132,128,127,123,121,121,119,117,113,110,108,110,108,100,98,94,94,93
CA,San Mateo,California,1,1.05,467,635,2961,2901,2825,2721,2721,2721,2678,2653,2625,2594,2553,2533,2533,2494,2475,2437,2394,2330,2330,2299,2244,2212,2188,2165,2104,2104,2061,2022,1963,1904,1833
AR,Drew,Arkansas,2,1.05,16,18.4,41,39,39,37,34,32,29,27,26,26,26,25,25,25,23,21,21,21,21,21,20,20,20,20,20,19,19,19,19,19,19
MO,Chaffee,Missouri,1,1.22,0,0,,,,,,,,,,,,,,,,,,,,,,,,,,,,,,,
OK,Tulsa,Oklahoma,2,1.4,1370,24626.8,2742,2483,2392,2349,2206,2070,1945,1825,1729,1653,1564,1525,1443,1372,1308,1261,1196,1188,1165,1134,1109,1087,1057,1022,998,998,983,960,958,935,926
OK,Rogers,Oklahoma,1,1.4,50,239.1,142,132,128,126,123,122,113,98,100,99,97,95,93,92,92,89,87,85,85,83,83,82,82,81,81,81,80,80,79,78,78
TX,Camp,Texas,1,1.14,15,21.9,113,110,110,110,110,109,109,109,109,108,106,105,98,98,95,95,92,92,91,87,85,84,84,84,83,82,74,74,58,51,44
AR,Craighead,Arkansas,1,1.05,78,97,415,404,401,396,388,385,372,369,365,363,358,352,346,337,331,318,305,302,300,279,266,257,249,228,220,212,206,203,191,190,188
MS,Hinds,Mississippi,1,1.06,440,634,1646,1589,1536,1390,1390,1390,1390,1390,1349,1308,1274,1263,1245,1206,1206,1186,1164,1137,1111,1104,1074,1066,1035,1028,1006,999,971,959,920,904,898
LA,Morehouse Parish,Louisiana,1,1.09,0,0,,,,,,,,,,,,,,,,,,,,,,,,,,,,,,,
OK,Oklahoma,Oklahoma,1,1.4,856,12748.6,2317,2230,2147,2099,1990,1946,1861,1754,1673,1643,1597,1561,1517,1461,1436,1404,1384,1369,1360,1350,1328,1309,1294,1284,1263,1263,1254,1241,1227,1216,1208
TX,Smith,Texas,1,1.14,148,297.9,392,378,340,340,340,318,310,297,283,271,271,271,244,244,238,235,223,223,223,216,215,212,210,204,204,204,200,200,199,198,198
MO,Gasconade,Missouri,1,1.22,4,5.4,6,5,4,4,4,3,2,2,2,2,2,2,2,2,2,2,2,2,2,2,2,2,2,2,2,2,2,2,2,2,2
MO,Harrison,Missouri,1,1.22,3,3.8,12,12,11,9,9,9,9,9,9,9,9,9,9,9,9,9,9,9,9,9,9,9,9,9,9,9,9,9,9,9,8
AR,Grant,Arkansas,1,1.05,6,6.6,28,28,27,26,25,24,24,24,24,24,24,24,23,22,22,22,19,19,18,18,18,18,18,18,18,18,18,18,17,16,16
MO,Jasper,Missouri,4,1.22,0,0,,,,,,,,,,,,,,,,,,,,,,,,,,,,,,,
MO,Clay,Missouri,2,1.22,113,319.7,375,367,348,342,342,334,319,301,299,293,288,288,284,262,254,249,240,233,226,186,181,177,173,173,173,171,167,162,158,149,149
AR,Izard,Arkansas,1,1.05,3,3.2,20,20,20,20,20,20,20,20,20,20,20,19,17,17,17,17,17,17,17,17,17,17,17,16,16,16,16,16,15,15,15
MO,Ripley,Missouri,1,1.22,5,7.1,16,14,14,14,14,12,12,12,11,11,11,11,12,11,11,11,11,11,11,11,10,10,8,7,7,7,7,7,7,7,7
MO,Jackson,Missouri,5,1.22,294,1026.6,1076,1054,1030,1018,1016,976,933,916,889,865,819,819,791,782,752,727,716,702,696,686,676,656,637,613,596,570,560,554,515,528,520
MO,Webster,Missouri,1,1.22,5,7.1,23,22,21,21,20,20,19,19,18,18,18,18,18,18,18,18,18,18,18,18,18,18,18,18,17,17,17,17,17,17,17
MO,Cass,Missouri,2,1.22,6,8.9,116,116,116,116,116,112,110,109,115,114,111,111,111,110,108,105,104,102,102,100,100,97,96,93,90,89,85,85,82,82,80
MO,Laclede,Missouri,2,1.22,12,20.7,20,19,20,16,16,12,12,10,9,9,9,9,9,8,7,7,7,7,7,7,7,7,7,5,4,3,3,3,3,3,3
MO,Stone,Missouri,1,1.22,1,1,11,11,10,10,10,10,8,7,7,7,7,7,7,10,10,10,10,10,10,10,10,5,5,4,4,4,4,4,4,4,4
MO,Camden,Missouri,4,1.22,17,31.7,55,54,50,48,47,45,45,45,43,40,38,38,38,38,38,38,38,38,38,38,38,38,38,38,38,38,38,38,38,38,38
MO,Taney,Missouri,3,1.22,20,38.7,35,34,32,30,30,30,29,27,26,24,15,15,15,15,14,14,14,14,14,14,14,14,14,14,14,14,14,14,14,14,14
MO,Johnson,Missouri,3,1.22,12,20.7,91,91,89,89,89,90,87,84,81,80,80,80,79,79,78,78,78,77,77,77,77,77,76,76,76,76,76,74,73,73,73
KS,Crawford,Kansas,1,0.91,206,127.5,220,192,192,167,167,167,156,156,98,98,44,24,20,14,13,10,8,8,8,8,8,8,8,8,8,8,8,8,8,8,8
MO,Platte,Missouri,3,1.22,23,45.8,107,105,102,102,102,102,101,99,99,98,97,97,89,84,81,80,79,77,77,77,74,73,73,70,70,70,70,69,68,67,67
MO,Christian,Missouri,9,1.22,8,12.6,37,35,32,32,32,31,31,30,30,30,29,29,29,29,29,29,29,29,29,29,29,27,24,24,23,23,21,21,21,21,21
MO,Clinton,Missouri,1,1.22,3,3.8,23,23,23,23,23,22,23,21,21,21,20,20,19,20,20,20,20,20,20,20,20,18,18,18,18,18,18,18,18,18,18
MN,Hennepin,Minnesota,1,0.91,1242,654.1,11057,10988,10920,10830,10705,10607,10512,10415,10323,10281,10191,10069,9934,9815,9674,9567,9480,9372,9255,9099,8867,8738,8591,8514,8393,8181,7932,7695,7540,7421,7168
MO,Newton,Missouri,1,1.22,254,858.8,301,284,268,265,177,123,108,88,84,79,62,62,49,47,44,36,28,26,26,23,21,21,20,19,18,16,16,16,16,16,16
MO,Lawrence,Missouri,5,1.22,12,20.7,20,19,13,13,11,11,10,8,8,7,7,7,7,8,8,8,8,8,8,8,8,8,8,8,8,8,8,8,8,8,8
MO,Wright,Missouri,2,1.22,0,0,14,14,14,14,14,14,14,14,14,14,14,14,14,14,14,14,14,14,13,11,11,11,11,11,11,11,11,11,11,11,11
MO,Dent,Missouri,1,1.22,2,2.3,2,2,1,1,1,1,1,1,1,1,1,1,1,0,0,0,0,0,0,0,0,0,0,0,0,0,0,0,0,0,0
MO,Vernon,Missouri,2,1.22,1,1,13,13,13,12,12,12,12,12,12,12,12,12,12,12,12,12,12,11,10,10,10,10,10,9,9,9,9,9,9,9,7
MO,Licking,Missouri,1,1.22,0,0,,,,,,,,,,,,,,,,,,,,,,,,,,,,,,,
MO,McDonald,Missouri,1,1.22,376,1385.9,422,403,371,366,170,132,124,116,98,78,70,70,63,46,42,40,29,26,25,23,22,22,22,22,20,20,20,19,18,17,17
MO,Cedar,Missouri,1,1.22,0,0,9,9,9,9,9,9,9,9,9,9,9,9,9,9,9,9,9,9,9,9,9,9,9,9,9,9,9,9,9,9,9
MO,Barton,Missouri,1,1.22,17,31.7,17,16,15,15,15,15,10,11,9,7,1,1,1,0,0,0,0,0,0,0,0,0,0,0,0,0,0,0,0,0,0
MO,Pulaski,Missouri,3,1.22,6,8.9,115,106,106,106,106,106,106,106,106,106,106,106,106,109,109,109,107,107,107,39,39,39,35,35,34,34,34,34,34,33,33
AR,Carroll,Arkansas,2,1.05,85,106.1,141,136,136,129,126,102,100,95,92,88,80,70,66,56,42,40,38,38,35,33,30,29,29,25,24,24,24,24,21,17,15
MO,Stover,Missouri,1,1.22,0,0,,,,,,,,,,,,,,,,,,,,,,,,,,,,,,,
MO,Howard,Missouri,1,1.22,2,2.3,5,5,5,3,3,3,3,3,3,3,3,3,3,3,3,3,3,3,3,3,3,3,3,3,3,3,3,3,3,3,3
MO,Macon,Missouri,1,1.22,1,1,7,7,7,7,7,7,7,7,7,7,7,7,6,6,6,6,6,6,6,6,6,6,5,4,4,4,4,3,2,2,2
MO,Callaway,Missouri,5,1.22,12,20.7,46,45,42,42,42,42,42,40,40,40,36,36,34,34,34,34,34,33,32,32,32,30,30,29,29,29,27,27,26,26,26
MO,Pettis,Missouri,1,1.22,18,34,102,102,100,98,98,95,94,89,89,86,85,85,84,84,84,83,81,81,79,79,79,79,79,78,78,78,78,78,72,72,70
MO,Higginsville,Missouri,1,1.22,0,0,,,,,,,,,,,,,,,,,,,,,,,,,,,,,,,
MO,Osage,Missouri,1,1.22,0,0,6,6,5,5,5,5,5,5,5,5,5,5,5,6,6,6,6,5,5,5,5,5,5,5,5,5,5,5,5,5,5
MO,Texas,Missouri,1,1.22,4,5.4,5,2,2,2,2,1,1,1,1,1,1,1,1,1,1,1,1,1,1,1,1,1,1,1,1,1,1,0,0,0,0
MN,Dodge,Minnesota,1,0.91,10,8.1,67,66,66,65,63,62,61,61,59,59,59,59,58,57,55,55,55,55,55,54,53,53,53,53,52,52,50,46,46,46,44
MS,Taylorsville,Mississippi,1,1.06,0,0,,,,,,,,,,,,,,,,,,,,,,,,,,,,,,,
MO,Randolph,Missouri,1,1.22,2,2.3,12,12,12,12,12,12,12,11,11,11,10,10,10,10,10,10,10,10,10,10,10,10,10,10,10,10,9,9,9,9,9
MS,Conehatta,Mississippi,1,1.06,0,0,,,,,,,,,,,,,,,,,,,,,,,,,,,,,,,
MS,Smithville,Mississippi,1,1.06,0,0,,,,,,,,,,,,,,,,,,,,,,,,,,,,,,,
KS,Cherokee,Kansas,1,0.91,9,7.4,25,21,18,17,17,17,17,17,17,16,16,16,16,16,11,11,10,10,10,10,10,10,10,10,10,10,9,9,9,9,9
MO,Morgan,Missouri,1,1.22,4,5.4,13,11,12,12,12,12,12,11,9,9,9,9,9,9,9,9,9,9,9,9,9,9,9,9,9,9,9,9,9,9,9
MS,Columbus,Mississippi,1,1.06,0,0,,,,,,,,,,,,,,,,,,,,,,,,,,,,,,,
MO,Dallas,Missouri,1,1.22,6,8.9,12,12,10,9,9,9,7,6,6,6,6,6,6,6,6,6,5,5,4,4,4,3,3,3,3,3,3,3,3,3,3
KS,Miami,Kansas,1,0.91,16,12.5,26,20,20,20,20,20,16,16,16,16,16,16,16,10,10,7,7,7,7,7,8,8,7,7,7,7,7,7,7,7,7
MS,Newton,Mississippi,1,1.06,13,15.2,326,324,325,325,325,325,325,325,324,322,321,321,320,313,313,307,301,298,297,292,288,283,282,278,271,271,263,256,250,231,227
NC,Onslow,North Carolina,2,1,79,79,224,215,213,211,206,188,180,178,166,160,159,156,149,145,136,134,134,134,121,120,117,114,112,110,110,108,100,98,98,98,98
OK,Okmulgee,Oklahoma,1,1.4,21,71,50,48,48,45,40,36,32,31,31,30,30,29,29,29,29,29,27,26,26,25,25,25,25,26,26,26,25,23,23,23,23
PA,Chester,Pennsylvania,1,0.91,370,217.3,3559,3537,3513,3486,3457,3437,3397,3367,3343,3315,3295,3269,3247,3189,3161,3134,3102,3053,3014,2959,2902,2863,2823,2784,2729,2669,2607,2555,2504,2454,2428
AL,Henry,Alabama,1,1,29,29,123,121,119,115,115,111,110,109,109,108,107,99,97,94,93,89,89,88,85,84,82,81,81,80,80,74,73,71,70,69,64
TN,Lebanon,Tennessee,2,1.14,0,0,,,,,,,,,,,,,,,,,,,,,,,,,,,,,,,
GA,Carroll,Georgia,1,1.14,57,100.4,650,646,635,625,622,627,621,619,619,614,614,611,602,593,591,587,585,580,580,578,568,535,524,526,525,518,519,516,512,490,472
AL,Choctaw,Alabama,1,1,23,23,185,185,185,185,185,185,182,180,177,175,175,167,166,162,158,157,156,155,155,153,153,153,153,153,153,151,149,148,148,147,144
AL,Barbour,Alabama,1,1,73,73,287,279,276,271,271,265,262,250,244,237,234,226,221,214,208,199,197,193,190,183,177,177,175,172,167,150,147,132,130,122,113
MS,Oktibbeha,Mississippi,3,1.06,104,137.4,431,426,420,386,386,386,386,386,374,363,357,351,348,327,327,307,300,297,290,283,273,267,253,243,239,235,233,154,150,144,139
AL,Tuscaloosa,Alabama,6,1,595,595,1665,1637,1604,1581,1544,1526,1467,1418,1405,1342,1291,1239,1156,1070,1009,976,936,915,896,853,836,822,816,799,783,738,720,678,632,607,558
AL,Macon,Alabama,1,1,40,40,150,147,148,147,144,138,136,133,132,126,125,122,117,110,105,104,100,98,96,94,93,87,86,85,82,75,72,71,67,65,62
AL,Tallapoosa,Alabama,3,1,70,70,524,518,513,510,506,506,498,482,474,473,467,461,455,454,451,448,446,442,439,435,434,432,431,427,427,423,422,418,410,408,400
FL,Bay,Florida,4,1.39,105,644.8,240,230,205,190,188,175,167,161,157,153,145,141,139,135,135,133,132,130,123,115,111,105,99,100,98,97,98,97,97,97,97
GA,Elbert,Georgia,2,1.14,11,15.4,94,94,92,92,91,89,88,87,87,86,85,85,84,83,82,82,82,79,78,77,76,75,75,75,75,75,74,73,73,73,71
AL,Houston,Alabama,2,1,102,102,372,354,348,345,344,341,333,328,319,315,307,293,279,270,259,253,246,245,237,227,226,226,223,221,220,209,204,188,185,183,172
AL,Blount,Alabama,4,1,78,78,165,156,150,146,140,136,127,121,119,114,110,102,95,87,79,75,73,72,70,64,63,63,63,63,62,61,60,58,53,51,49
AL,Pike,Alabama,3,1,90,90,373,366,357,356,356,352,344,342,340,334,324,307,298,283,266,259,250,243,239,223,212,208,208,206,203,198,191,179,173,160,145
KY,Warren,Kentucky,1,0.99,214,202.8,1398,1376,1361,1357,1339,1323,1302,1299,1275,1275,1248,1248,1208,1184,1179,1157,1127,1112,1112,1099,1081,1067,1045,1038,1007,1007,995,964,950,949,920
AL,Autauga,Alabama,1,1,151,151,463,447,436,428,425,405,394,369,367,364,357,331,323,312,295,282,272,265,259,248,241,239,239,233,221,216,212,205,192,189,168
TN,Wilson,Tennessee,2,1.14,157,318.7,658,649,625,616,595,580,565,544,537,518,515,512,511,501,499,488,477,475,469,459,449,442,430,407,407,407,389,387,382,371,363
FL,Calhoun,Florida,1,1.39,6,12.1,70,88,69,69,68,65,65,66,66,66,66,66,65,64,64,64,66,66,64,64,62,62,62,61,63,56,53,52,52,52,52
TN,Union,Tennessee,1,1.14,3,3.5,9,9,10,10,9,9,9,9,9,8,8,8,7,6,5,5,4,4,4,4,4,4,5,4,4,4,4,4,4,4,4
AL,Montgomery,Alabama,11,1,958,958,3394,3307,3254,3215,3179,3106,3059,2956,2922,2871,2791,2644,2543,2436,2290,2221,2128,2054,1993,1905,1858,1823,1802,1758,1710,1632,1590,1541,1446,1384,1274
MS,Lowndes,Mississippi,1,1.06,109,144.4,399,392,384,352,352,352,352,352,335,317,315,311,311,290,290,277,274,270,263,252,247,241,230,219,211,211,200,189,182,166,164
FL,Okaloosa,Florida,2,1.39,163,1188.3,457,436,421,400,398,391,366,351,344,337,332,315,312,294,287,274,271,262,253,250,241,236,235,232,223,212,207,199,198,194,193
GA,Henry,Georgia,1,1.14,252,546.5,1062,1013,964,945,930,920,905,886,856,852,841,839,829,810,787,779,767,756,756,751,742,716,695,693,690,688,686,672,672,655,641
GA,Coweta,Georgia,1,1.14,111,214.6,599,569,554,550,545,548,538,526,519,515,511,509,507,488,476,474,468,463,463,458,440,432,422,421,417,415,414,403,397,383,376
AL,St. Clair,Alabama,1,1,66,66,219,210,204,201,196,193,182,180,176,173,170,167,158,153,149,141,141,140,138,137,135,131,131,128,123,118,118,116,108,106,104
AL,Walker,Alabama,2,1,231,231,731,712,695,683,669,664,642,616,611,578,568,540,523,500,481,467,460,452,433,397,386,381,378,370,354,344,330,299,282,272,239
TN,Lascassas,Tennessee,1,1.14,0,0,,,,,,,,,,,,,,,,,,,,,,,,,,,,,,,
MS,Jones,Mississippi,2,1.06,153,206.9,965,952,928,910,910,910,910,910,899,881,868,852,845,812,812,792,777,729,715,709,701,686,663,652,629,598,576,566,525,506,492
MS,Neshoba,Mississippi,1,1.06,95,124.8,916,907,921,921,921,921,921,921,895,881,878,877,855,821,821,805,772,755,747,739,728,722,707,671,646,630,606,589,565,539,514
TN,Putnam,Tennessee,1,1.14,103,197.1,675,676,673,663,655,643,630,612,613,610,601,588,588,572,571,569,552,552,529,525,524,519,507,479,479,479,465,461,428,410,380
TN,McNairy,Tennessee,1,1.14,22,33.9,47,45,42,40,38,38,35,33,31,31,27,27,26,25,24,23,24,23,19,15,15,15,15,12,12,12,12,12,12,12,12
TX,Grayson,Texas,1,1.14,134,266,537,521,518,514,491,491,481,473,440,438,433,433,408,403,389,384,377,375,372,366,355,350,342,338,333,327,316,316,310,303,300
TX,Potter,Texas,1,1.14,60,106.4,2838,2831,2822,2822,2822,2819,2811,2798,2789,2785,2785,2785,2785,2778,2766,2763,2756,2756,2754,2504,2488,2432,2354,2321,2321,2317,2266,2266,2251,2238,2238
GA,Fulton,Georgia,1,1.14,1021,2693.3,6052,5885,5705,5496,5444,5400,5325,5292,5148,5157,5106,5100,5069,5031,4989,4925,4887,4823,4822,4790,4724,4688,4638,4621,4524,4507,4490,4367,4309,4230,4080
TX,Farmersville,Texas,2,1.14,0,0,,,,,,,,,,,,,,,,,,,,,,,,,,,,,,,
TX,Bowie,Texas,2,1.14,43,72.8,406,404,400,400,398,394,384,381,377,372,373,370,367,363,358,351,336,336,312,301,296,287,270,267,265,197,189,189,156,153,153
TX,Collin,Texas,1,1.14,806,2056.9,2359,2250,2223,2189,2064,2026,1967,1866,1787,1667,1647,1638,1560,1553,1546,1528,1447,1447,1447,1430,1388,1346,1312,1312,1297,1278,1217,1217,1189,1157,1151
GA,Greene,Georgia,1,1.14,5,6.3,91,90,89,88,88,88,87,87,86,86,86,86,86,86,83,83,80,78,76,76,73,71,68,68,68,68,68,67,66,65,64
GA,Dekalb,Georgia,1,1.14,929,2418.5,5158,5042,4791,4694,4666,4637,4541,4489,4411,4355,4311,4303,4282,4229,4186,4120,4054,4012,4008,3986,3939,3874,3803,3795,3734,3731,3718,3635,3573,3421,3305
TX,Wood,Texas,1,1.14,26,41,77,76,71,71,71,70,66,62,56,53,53,53,51,51,51,51,49,49,49,40,40,38,33,29,29,29,26,26,25,23,23
MS,Lafayette,Mississippi,1,1.06,128,171.3,289,269,254,209,209,209,209,209,195,181,175,171,169,161,161,157,157,156,156,156,154,150,141,137,136,131,130,127,125,126,124
VA,Loudoun,Virginia,1,0.79,454,125.6,3683,3632,3612,3585,3543,3504,3499,3458,3439,3404,3384,3321,3280,3229,3180,3174,3147,3094,2939,2837,2794,2659,2636,2611,2575,2529,2429,2318,2274,2186,2047
AL,Russell,Alabama,1,1,141,141,391,378,366,358,349,346,327,313,301,298,283,279,265,250,236,221,212,198,193,187,181,177,177,175,171,167,162,159,148,144,137
