"State","County","StateRt","MarineCount","OldSlope","OldError","OldPValue","NewSlope","NewError","NewPValue","TestStat","PValue","SlopeDiff"
"MO","St. Louis",1.15,30,133.464285714286,10.1739839286088,4.59480880426038e-05,167.321428571429,11.8857550651772,3.25448337638179e-05,2.16402037275521,0.0278649776436567,33.8571428571428
"IL","Fayette",1.12,2,0.785714285714287,0.123717914826348,0.00142949536952325,1.60714285714286,0.148976097247245,0.000118697231632587,4.24183890298908,0.000855719833032291,0.821428571428574
"MO","St. Charles",1.15,25,42.7857142857143,2.66745311532349,1.71544136920753e-05,78.357142857143,5.41907063347691,2.85451948986257e-05,5.88930673050265,7.66248550713316e-05,35.5714285714287
"MN","Washington",1.07,1,25.1785714285715,1.37979220559198,9.08539293484874e-06,29.0000000000001,1.84722627145652,1.90641649354106e-05,1.65741147954122,0.0642151966371257,3.82142857142861
"IL","Madison",1.12,6,37.1428571428572,1.61498088697858,2.89072863111806e-06,37.1071428571429,2.29679235065795,1.65562246034215e-05,-0.0127199288255902,0.495050715859405,-0.035714285714306
"IL","Peoria",1.12,1,21,0.653093111466424,5.46503469215203e-07,18.1071428571429,1.55042785404943,8.08700755340838e-05,-1.71951658004218,0.0581314112076595,-2.8928571428571
"IL","McHenry",1.12,1,21.9285714285715,1.29638429676463,1.32066974919878e-05,27.107142857143,1.8153961731,2.43834689718681e-05,2.32144159855557,0.0213339287752035,5.17857142857144
"AL","Lauderdale",1.1,2,20.3214285714286,1.97632673081623,0.000149552341206457,21.8571428571429,0.769309258162054,1.0117993711492e-06,0.724127406876458,0.242791641798781,1.53571428571432
"MD","Anne Arundel",1.01,1,48.5357142857145,2.04484169338852,2.47212916635921e-06,61.0357142857144,3.36727195340138,9.39108151699268e-06,3.17296719686391,0.00496871862053692,12.4999999999999
"MI","Macomb",1.03,1,53.5714285714287,4.21028866139185,5.3318396679404e-05,74.1785714285714,1.56939803876571,8.00749124812761e-08,4.58621659009064,0.000500519436365832,20.6071428571427
"KS","Sedgwick",1.1,2,87.5,3.67992346859196,2.45054335256694e-06,89.8928571428572,2.5875979721174,3.71804014089511e-07,0.531910226911836,0.30320117794523,2.3928571428572
"MO","Jefferson",1.15,6,15.2857142857143,0.849969987465341,9.76365214856455e-06,23.6428571428571,0.964153430079826,2.10294350629526e-06,6.50200710210125,3.43894514119821e-05,8.35714285714283
"AL","Colbert",1.1,1,24.25,2.96127213424589,0.000441710324023109,27.3214285714286,0.565820697062676,7.19759398167065e-08,1.01876857972208,0.166163523961487,3.07142857142862
"AL","Madison",1.1,7,174.642857142857,11.4882815183515,2.23304677499412e-05,128.178571428572,9.45913606530971,3.92167430377059e-05,-3.12230748115544,0.0054156771257646,-46.4642857142855
"MO","Phelps",1.15,5,-0.178571428571423,0.0618589574131758,0.0343165992064032,1.32142857142857,0.190996313673156,0.000967392808446492,7.47146470313058,1.06580790848311e-05,1.5
"AL","Morgan",1.1,5,46.8214285714286,2.96746817117532,1.85994187370451e-05,44.2142857142858,2.09104016690068,4.38481316166887e-06,-0.718182576673995,0.244541926050463,-2.6071428571428
"MO","Franklin",1.15,7,10.6785714285715,0.958181738971248,0.000101443601736113,11.1428571428571,0.867791002770711,5.10012963883878e-05,0.359148911695948,0.363475627060088,0.464285714285683
"MO","Polk",1.15,4,0.714285714285714,0.0638876564999941,9.98863252249834e-05,18.3571428571429,1.48770471066084,6.19122391232011e-05,11.8481922442612,1.64634372190706e-07,17.6428571428571
"MO","Warren",1.15,7,1.60714285714286,0.328493779644768,0.00450388259862436,5.5,0.253546276418555,3.86312244459564e-06,9.38122632748019,1.42269456560629e-06,3.89285714285714
"IL","Jefferson",1.12,2,1.25,0.423481681650904,0.0318219594412172,2.67857142857144,0.281667773616145,0.000217444827665664,2.80883362823165,0.00925594556310258,1.42857142857144
"AL","Etowah",1.1,2,44.6428571428572,1.95641279396965,3.00573901030113e-06,44.9642857142857,2.15040337934015,4.63426448744321e-06,0.110563108220854,0.45707515289543,0.321428571428527
"MO","Greene",1.15,18,17.9285714285714,2.03063275551122,0.000309612821969939,23.3571428571429,0.94166591415298,1.9868084262882e-06,2.4252574558359,0.0178694394947742,5.42857142857146
"TX","Dallas",0.99,3,1103.21428571429,12.0846926282127,2.98967749433934e-09,1041.07142857143,110.959410670418,0.000231880812702057,-0.556758069233644,0.29496728257369,-62.1428571428598
"AL","Cullman",1.1,3,31.75,2.4196790983053,4.58903438235755e-05,21.4285714285715,1.19009517712335,9.70509807794344e-06,-3.8276970594792,0.00166568742566526,-10.3214285714285
"AL","Limestone",1.1,1,24.5,0.905200394996623,1.28785240046257e-06,30.1785714285714,0.777062758477219,2.13309815566349e-07,4.75996704316497,0.000384293196114997,5.67857142857141
"MO","Grundy",1.15,1,0.321428571428571,0.061858957413174,0.00347816511528648,0.214285714285713,0.123717914826349,0.143810808711606,-0.774596669241487,0.228251050401377,-0.107142857142858
"AL","Shelby",1.1,6,62.8928571428572,1.51447101292154,1.52724140851129e-07,70.8928571428573,2.85566926284816,1.97838266002953e-06,2.47493415808774,0.0164131787145694,8.00000000000009
"IL","Monroe",1.12,2,4.35714285714286,0.241170614516201,9.54477394622183e-06,3.67857142857144,0.206402618239999,1.02081022707571e-05,-2.13766701175942,0.0291318252646589,-0.67857142857142
"IL","St. Clair",1.12,8,49.0714285714287,2.61803010537568,7.95938165414186e-06,62.9285714285716,3.97453629691698,1.82857070718279e-05,2.91158724769288,0.0077612381945603,13.8571428571429
"AL","Jefferson",1.1,16,241.785714285714,7.04207471747715,3.94198271541597e-07,245.178571428572,9.81209946537293,1.91547808109743e-06,0.280921767774989,0.39224848248047,3.39285714285782
"IL","McLean",1.12,1,6.42857142857144,0.162882203585593,1.96841694612465e-07,11.0357142857143,0.873504552982786,5.51960651839153e-05,5.18494776832496,0.000205064371702373,4.60714285714288
"MS","Union",1.09,1,4,0.46947647786157,0.00036645343545498,10.0357142857143,1.29273874753864,0.000567346221919816,4.38850026683867,0.000679619142310334,6.0357142857143
"IL","Randolph",1.12,2,7.14285714285715,0.380654645556407,7.91543449163421e-06,5.50000000000001,0.776570167138679,0.000868624943856049,-1.89959426988432,0.0433402171045662,-1.64285714285715
"MO","Montgomery",1.15,1,-0.0357142857142859,0.109497926548256,0.757509387652178,0.214285714285715,0.0553283335172488,0.0117248110039546,2.03777878408854,0.0344514114702469,0.25
"VA","Prince William",1.11,1,41.2142857142859,1.57823202556869,1.53857988223526e-06,48.5357142857146,2.73035655890876,1.03390331246119e-05,2.32155487805861,0.0213298124491364,7.32142857142874
"AL","Dale",1.1,2,10.6071428571429,0.617557730921097,1.22477097713975e-05,18.25,1.29273874753864,3.20977559938005e-05,5.33468476539238,0.000165371626192896,7.64285714285712
"MO","Stoddard",1.15,2,1.39285714285715,0.45596947624299,0.0282718128696197,2.35714285714285,0.214285714285714,0.000108052205544984,1.91397925352248,0.0423234119889944,0.964285714285699
"CO","Arapahoe",1.11,2,42.6428571428577,2.72984263581761,1.95379053775839e-05,54.5000000000001,2.1085346493115,1.61914318008965e-06,3.4375087712344,0.0031789569392136,11.8571428571424
"AL","Mobile",1.1,7,152.25,3.43685754664324,1.10651371036949e-07,148.928571428572,5.72008634157766,1.56166095522178e-06,-0.497727747047923,0.314719146216603,-3.32142857142847
"AL","Lee",1.1,6,47.6428571428571,4.03138199831355,7.63540857235328e-05,42.25,1.50636405064024,1.07875580096408e-06,-1.25309693079378,0.11933903066984,-5.39285714285711
"AL","Coffee",1.1,1,10.1428571428572,1.1780301787479,0.000348721839106822,13.0357142857143,1.4112340814525,0.000249792785615033,1.57366125743493,0.073321008772928,2.89285714285715
"IL","Shelby",1.12,1,0.428571428571429,0.127775312999988,0.0202378788731653,0.964285714285716,0.168274556991283,0.0022655386769356,2.53546276418555,0.0147962311033705,0.535714285714287
"IL","Woodford",1.12,1,2.42857142857143,0.271052370871576,0.000288756425398306,1.5,0.324194449083149,0.00569997019272855,-2.19740106229415,0.0263361189663665,-0.928571428571431
"AL","Marengo",1.1,1,7.35714285714287,0.761979163033979,0.000202214477951058,8.60714285714287,0.779684656297218,0.000106208563672208,1.14658614950642,0.139123564127593,1.25000000000001
"AL","Escambia",1.1,1,16.7857142857143,1.72821720101309,0.000196559853695614,21.2857142857143,2.00814667323492,0.000129208613146474,1.69848961918541,0.0601302999260612,4.49999999999999
"TX","Tarrant",0.99,2,460.535714285715,19.0321894351091,2.24655369261425e-06,439.500000000001,67.3311872426901,0.00126224787175905,-0.30064174797256,0.384922626282308,-21.0357142857139
"AL","Calhoun",1.1,4,33,2.30748560037075,3.01261281209028e-05,36.25,1.49275461028617,2.20722980983854e-06,1.1825763587724,0.132165708489199,3.25000000000004
"MO","St. Louis City",1.15,10,47.9642857142858,4.70016825578118,0.000155097691515104,69.8214285714288,3.53549782887206,6.14830877143185e-06,3.71629158819426,0.00199981520173898,21.8571428571429
"AL","Baldwin",1.1,5,62.1785714285715,3.3832947955313,8.77244054892294e-06,98.7500000000001,3.52045770447249,1.07824696860136e-06,7.49007232741732,1.04323124699726e-05,36.5714285714286
"MO","Butler",1.15,1,1.10714285714286,0.225311575651249,0.00442107760631008,4.5357142857143,0.556730616718574,0.000452515062319655,5.70862520203527,9.7985670095225e-05,3.42857142857144
"MO","Boone",1.15,5,22.1428571428572,1.42714214214197,2.01992030580858e-05,19.1428571428572,2.42773094699979,0.00052747379038277,-1.06529011365357,0.155894927318882,-2.99999999999998
"IL","Montgomery",1.12,1,4.46428571428571,0.396090589514622,9.60654816706651e-05,1.96428571428572,0.337684190102082,0.00211978539252898,-4.80309065595692,0.000360139401091694,-2.49999999999999
"IL","Sangamon",1.12,2,14.2142857142857,1.25803539744496,9.49222396254335e-05,18.25,0.654458804303687,1.11028816554986e-06,2.8458872002621,0.00868607641259315,4.03571428571432
"AR","Pulaski",1.15,17,91.5714285714287,6.83463568143606,4.1447910139998e-05,83.0357142857143,3.16094631916662,1.49398210249225e-06,-1.13353174173884,0.1417174684586,-8.53571428571435
"AL","Elmore",1.1,3,22.2142857142858,1.15925732735247,7.13595682947642e-06,28.2500000000001,2.04434261675823,3.56382030719082e-05,2.56822297484729,0.0139879050114621,6.03571428571425
"TX","Montgomery",0.99,1,192.035714285715,60.0827639211792,0.0240976700757689,129.321428571429,17.0988646836387,0.000640762918827628,-1.00393504304137,0.169541864905977,-62.7142857142857
"CA","San Diego",1.03,3,490.642857142858,50.1339532184138,0.000189557466327623,575.250000000001,49.7854760191058,8.5172199102472e-05,1.19748323365305,0.129366101773663,84.6071428571431
"AR","Benton",1.15,4,52.0000000000003,3.2567042311178,1.75427780407699e-05,55.3571428571429,2.25537905769242,2.09334189439646e-06,0.84745922515796,0.208280441423353,3.35714285714261
"IL","Williamson",1.12,2,5.25000000000001,0.574767033551112,0.000263482690301773,6.35714285714287,0.605249147551854,0.000135015969725186,1.32643461228453,0.107095178432803,1.10714285714286
"CO","Adams",1.11,1,50.3214285714286,2.87348007738042,1.11307893145759e-05,43.6785714285717,2.01062230187976,3.83534603748958e-06,-1.89413689951414,0.0437318913178723,-6.64285714285692
"KS","Johnson",1.1,4,108.964285714286,2.57177577021109,1.38184683680661e-07,96.357142857143,5.64791816440687,1.2661090782264e-05,-2.03148182733565,0.0348159792908132,-12.607142857143
"IL","Effingham",1.12,1,2.17857142857143,0.396090589514623,0.0027146845819341,2.03571428571429,0.162097224541575,5.68248490849286e-05,-0.333797263040561,0.372713308769589,-0.142857142857143
"AR","Sevier",1.15,1,7.00000000000003,0.507092552837116,3.58208491229939e-05,7.92857142857146,0.43682528146917,9.32923921105045e-06,1.38738212370469,0.0977322044037126,0.92857142857143
"VA","Fairfax",1.11,1,60.5714285714295,2.86676949665293,4.40110412294906e-06,65.5357142857142,1.93035631690218,4.16938945912785e-07,1.43638276171025,0.0907154961194157,4.96428571428471
"MS","Desoto",1.09,2,48.6071428571429,1.29194916814139,2.49889980298779e-07,70.7500000000001,6.24710136865121,9.38541141630339e-05,3.47105067250313,0.00300526298840382,22.1428571428572
"IL","Macoupin",1.12,1,1.92857142857144,0.153197218496626,5.61639347824568e-05,3.53571428571428,0.385648142476945,0.000258851856060119,3.87298334620739,0.00154704334310552,1.60714285714285
"AR","White",1.15,5,7.75000000000001,0.604194521994501,5.12632363719193e-05,2.57142857142857,0.540219154319688,0.00505955317445743,-6.38946341396887,3.96947919630446e-05,-5.17857142857144
"IL","Morgan",1.12,1,0.464285714285715,0.109497926548256,0.0081685673881284,1.57142857142858,0.299659670905759,0.00334264190681622,3.47024588700726,0.00300931342569947,1.10714285714287
"AR","Lonoke",1.15,4,5.82142857142858,0.462634426134607,5.62857262082194e-05,6.89285714285715,0.328493779644768,4.55441541373192e-06,1.88832428921416,0.0441526813319165,1.07142857142857
"AR","Saline",1.15,19,17.6071428571429,0.689387483234804,1.71818265610952e-06,15.25,1.29903810567666,7.88641326999442e-05,-1.60281069473041,0.0700292868498574,-2.35714285714283
"KS","Butler",1.1,1,4.10714285714286,0.567621244802395,0.000786846353726526,4.89285714285714,0.825455965524757,0.0019492831730529,0.784314971539223,0.225517184245884,0.785714285714281
"AR","Faulkner",1.15,8,20.8571428571429,0.919183310979755,3.09061766110242e-06,18.5357142857144,0.856994034699268,3.91967906483945e-06,-1.84721717034856,0.0472375342631326,-2.32142857142851
"MO","Cape Girardeau",1.15,2,12.2857142857143,1.71785343034942,0.000830434298462728,15.6071428571428,1.65423081576809,0.000225820643483429,1.39272128307339,0.0969459332187084,3.32142857142854
"AR","Miller",1.15,2,10.5,0.726327075364921,2.85763591979844e-05,10.75,1.08220768311252,0.000176512999864087,0.191813219455368,0.425863719705824,0.250000000000005
"AR","Van Buren",1.15,1,0.214285714285716,0.139239919211556,0.184431118925544,0.464285714285717,0.0765986092483109,0.0017639807039955,1.57313301241424,0.0733819024480917,0.250000000000001
"TN","Rutherford",1.04,13,103.785714285714,3.06843708138995,4.24759749882764e-07,118.25,3.64072066200847,5.19797481049814e-07,3.03787406127334,0.0062539405485132,14.4642857142855
"TN","Knox",1.04,3,74.1428571428572,5.440775755012,3.81526991752575e-05,99.4285714285716,4.80942951345566,4.90218586184953e-06,3.48205330633285,0.00295044977031039,25.2857142857144
"TN","Dickson",1.04,3,10.9642857142857,0.512845204795393,4.15151768478197e-06,13.1071428571429,1.58363763635035,0.000420152201548252,1.28730469538164,0.1134920352502,2.14285714285715
"TN","Maury",1.04,6,19.1428571428572,1.2104982951037,1.83934138364052e-05,26.5,0.660086574408449,1.80799092323934e-07,5.33599973604182,0.00016506183382291,7.35714285714284
"AR","Calhoun",1.15,1,0.392857142857143,0.0618589574131742,0.00142949536952329,0.5,0.115175110689979,0.00742038763627436,0.819537547062229,0.215789372924209,0.107142857142857
"AL","Marshall",1.1,1,46.3214285714288,2.51642563156223,8.70320532832842e-06,43.1071428571431,2.15324861356902,5.74761887943303e-06,-0.970517529268474,0.177338488640791,-3.21428571428562
"AR","Cleburne",1.15,1,2.25,0.162097224541576,3.48671610730544e-05,2.10714285714286,0.134581740581548,1.9318262447377e-05,-0.678063503620812,0.256557425317892,-0.142857142857144
"TN","Davidson",1.04,21,334.178571428572,22.1360761506401,2.31052599866373e-05,287.75,16.070372981207,9.97589940825129e-06,-1.69729861416578,0.060245358643536,-46.4285714285715
"TN","Cheatham",1.04,3,9.60714285714288,0.612580690228489,1.91608342658999e-05,8.32142857142857,0.82173907175016,0.000160933593728592,-1.25442393451314,0.119107710280963,-1.28571428571431
"TN","Williamson",1.04,12,87.6785714285715,7.42415734241251,7.66083079213647e-05,70.9285714285716,7.78623851446142,0.000266892323197087,-1.55691992323166,0.0752726966952736,-16.7499999999999
"TN","Cumberland",1.04,1,7.39285714285715,0.660666021403201,9.94698008880133e-05,5.39285714285716,0.912358459808242,0.0019737756934967,-1.77549780081294,0.0531003380119838,-2
"TN","Bedford",1.04,1,8.3571428571429,1.07617994095139,0.000566520555590468,6.96428571428574,0.597400832860195,8.15842239964809e-05,-1.13160002024828,0.142104496336403,-1.39285714285716
"KY","Todd",1.2,1,0.142857142857145,0.156492159287191,0.40318033399684,0.571428571428572,0.110656667034497,0.00357282629616089,2.23606797749977,0.0246660978199615,0.428571428571426
"AR","Garland",1.15,5,10.0714285714286,0.570535015649022,1.0701443628784e-05,25.5,0.550509967657078,8.85651058906168e-08,19.4602491942241,1.40184140950981e-09,15.4285714285714
"TN","Sumner",1.04,3,62.9285714285715,4.26746112926595,2.592675491745e-05,62.5357142857144,3.71452609112291,1.35176685638323e-05,-0.0694383008506396,0.473004836655361,-0.392857142857103
"AL","Marion",1.1,1,17.6428571428572,1.03263087820007,1.25711526245214e-05,12.5357142857143,1.52119381153254,0.000428836010115083,-2.77777274670639,0.00976256732459469,-5.10714285714287
"TN","Smith",1.04,2,10.7857142857143,1.11529258538753,0.000200675177709435,9.60714285714286,2.32329595222663,0.00903969724959346,-0.45731995389913,0.328607712600355,-1.17857142857143
"TN","Montgomery",1.04,3,39.7142857142857,1.61624407128354,2.08175130544973e-06,37.3571428571429,5.90287028072111,0.0014523348107909,-0.385145205718002,0.35409747471064,-2.35714285714285
"TN","Bradley",1.04,2,33.7142857142858,1.9187581017578,1.09491518799106e-05,28.0000000000001,1.70892017463236,1.54505498409248e-05,-2.223938886999,0.0251786289977946,-5.71428571428563
"KY","Pike",1.2,1,2.21428571428572,0.40025502074634,0.00264638400157364,6.28571428571429,0.782460796435951,0.000483407305468303,4.63246256100664,0.000466330855610382,4.07142857142857
"AR","Madison",1.15,1,1.64285714285715,0.464010907683194,0.0165527638044137,2.14285714285715,0.306394436993242,0.000920501647605774,0.899211242192736,0.19483967695679,0.499999999999998
"CA","Orange",1.03,1,887.000000000001,44.9485193054802,6.17145232816333e-06,636.642857142858,38.0682925537668,1.39683957839748e-05,-4.25032869677479,0.000844314439370913,-250.357142857143
"TN","Robertson",1.04,4,21.3928571428572,0.674423412090289,5.84802977654383e-07,18.0714285714286,1.66015735669229,0.00011365756204512,-1.85356079323156,0.0467488037841271,-3.32142857142858
"AL","Lawrence",1.1,1,7.39285714285715,0.458201898284843,1.66654189647311e-05,7.50000000000002,0.92966968020137,0.000473889193991942,0.103374550985727,0.459854736467082,0.107142857142868
"TN","Lincoln",1.04,1,5.21428571428572,0.707827950962142,0.000724152737854129,4.75,0.305977857008624,2.0145080318964e-05,-0.602084182241454,0.280260417147763,-0.464285714285712
"CA","Santa Clara",1.03,1,217.928571428572,8.87273972367491,2.0861200242422e-06,219.642857142858,17.3238952588258,5.4253318976691e-05,0.0880752033137155,0.46577786494095,1.71428571428564
"CA","San Bernardino",1.03,1,611.214285714286,56.133014404381,0.000113491084670601,611.142857142858,81.3226127650783,0.000660074972759849,-0.000722856004591126,0.499718730695158,-0.0714285714279868
"GA","Cherokee",1.05,1,39.7857142857144,2.18038566144919,9.08782597012321e-06,51.25,4.51818886416283,9.31440023786775e-05,2.28518665908865,0.022691849511274,11.4642857142857
"NC","Mecklenburg",0.98,1,369.178571428571,13.2580260635602,1.11823560197529e-06,284.535714285714,13.2459369973882,4.05510154082643e-06,-4.51642132922416,0.000557241551081322,-84.6428571428569
"NC","Forsyth",0.98,1,53.3571428571433,1.2400625395683,1.27952543236087e-07,66.6785714285716,4.62024714419798,2.88146233057374e-05,2.78471444360492,0.00964697615732353,13.3214285714283
"TN","McMinn",1.04,1,9.25000000000001,0.411257404870995,3.22856562532816e-06,9.03571428571432,1.06797061031183,0.00037877901547909,-0.187244176861641,0.427606852939413,-0.214285714285692
"FL","Lee",0.99,1,469.178571428572,57.0210822988358,0.000431921802661607,274.821428571429,12.4163219602431,3.49594297082568e-06,-3.3304711192469,0.00380590815058574,-194.357142857143
"TN","Humphreys",1.04,1,2.85714285714286,0.361403161162099,0.000521066989503516,1.21428571428572,0.241170614516203,0.00398393723608537,-3.78117670802323,0.00179750685012245,-1.64285714285715
"FL","Columbia",0.99,1,72.6071428571429,18.075740592274,0.0101526166955896,75.3928571428572,5.40707680654127,3.41055267157045e-05,0.147649015930224,0.442777174509633,2.78571428571435
"GA","Whitfield",1.05,1,53.8214285714286,4.74554033395826,9.32062334581111e-05,66.1428571428572,3.56399225817434,8.35905004787113e-06,2.07612195955434,0.0323084456216812,12.3214285714286
"GA","Gwinnett",1.05,1,296.607142857143,7.92900577960841,2.57140221945954e-07,256.142857142858,15.8661493084355,1.66172992693444e-05,-2.28133927994454,0.0228407887005026,-40.4642857142853
"GA","Monroe",1.05,1,4.64285714285715,1.45230288627042,0.0240786390642128,8.21428571428572,0.261471503110334,6.13583190092815e-07,2.42023645897221,0.0180235149200625,3.57142857142857
"SC","Lexington",0.97,1,94.2500000000001,2.52654276974422,2.60730813105527e-07,99.3571428571429,5.4689289329328,9.28590593923333e-06,0.847752253386077,0.208202591649382,5.10714285714285
"GA","Douglas",1.05,2,44.107142857143,3.07454161176092,2.96697158199275e-05,44.107142857143,2.3521050059859,7.94146217231885e-06,5.50655685363905e-15,0.499999999999998,2.1316282072803e-14
"GA","Cobb",1.05,3,187.892857142858,12.8381506551727,2.6901904891254e-05,200.714285714286,7.99004482631555,1.86557576642105e-06,0.847895509343478,0.20816453958967,12.8214285714279
"GA","Muscogee",1.05,2,98.4285714285715,5.96092719811479,1.48713607205279e-05,70.9285714285715,4.46357137141944,1.7962093190607e-05,-3.6928183384768,0.00207873170885362,-27.5
"GA","Forsyth",1.05,3,33.0000000000001,0.915846881418553,3.09935414731518e-07,26.9285714285715,1.87600313302033,2.95857719724143e-05,-2.90829959065673,0.00780505876910073,-6.07142857142856
"TN","Shelby",1.04,3,341.250000000001,19.2741698251565,1.05460133457892e-05,283.857142857143,32.1405713472957,0.000309167189693047,-1.53142395248282,0.0783327753303962,-57.392857142858
"TN","Hamilton",1.04,1,108.321428571429,4.66595900854129,2.75956947518116e-06,110.928571428572,5.79575847724283,7.17825824963708e-06,0.350395873762497,0.366655075381531,2.60714285714297
"IA","Plymouth",1.07,1,3.89285714285715,0.5187799659405,0.000664657410763677,3.89285714285715,0.305977857008626,5.33440524656104e-05,-3.68666317381767e-15,0.499999999999999,-2.22044604925031e-15
"IL","Clinton",1.12,1,1.75000000000001,0.449205648100859,0.0114580916404528,2.71428571428572,0.191662969499983,3.16075850122507e-05,1.97443554514325,0.0382889388712843,0.964285714285708
"GA","Jackson",1.05,2,12.3214285714286,0.632253823997284,6.56570324082617e-06,15.3571428571429,0.706384875147224,3.82088452347116e-06,3.20219375555893,0.00472821706482624,3.03571428571431
"IL","Pulaski",1.12,1,1.07142857142857,0.199489143482414,0.0030126083602545,0.107142857142853,0.088927854271347,0.282179859030059,-4.41497209613219,0.000652140877034458,-0.96428571428572
"IL","Jersey",1.12,1,1.57142857142857,0.135526185435788,8.37422791425087e-05,0.964285714285717,0.109497926548256,0.000313402229159193,-3.48466026218584,0.0029376146632508,-0.607142857142854
"TN","Fayette",1.04,2,9.21428571428574,0.565144012710072,1.58286684720968e-05,12.7142857142858,0.952976004580454,4.23118093933462e-05,3.15899012662535,0.00508812757973831,3.50000000000002
"IL","Union",1.12,1,3.14285714285716,0.458480186739468,0.00100932223760291,5.71428571428572,0.576760835376752,0.000178731107520115,3.49005030448265,0.00291126025951934,2.57142857142856
"MS","Tippah",1.09,2,1.64285714285714,0.29102212553519,0.00242094262492559,7.75000000000001,0.852217994531969,0.000269071156761899,6.78165744007141,2.42446255655046e-05,6.10714285714287
"TN","Overton",1.04,3,2.89285714285715,0.30929478706587,0.000235374601757174,1.96428571428571,0.393505957738268,0.00413381254040341,-1.85525070906407,0.0466193992822212,-0.928571428571437
"TN","Madison",1.04,1,11.9642857142857,0.985481338934303,6.69960914814378e-05,16.6785714285714,1.20870566630388,3.58905018500109e-05,3.02288314856744,0.00641606395814624,4.71428571428571
"TN","Franklin",1.04,1,3.67857142857143,0.328493779644771,9.91141622896162e-05,5.85714285714286,0.611121418177355,0.000209481290758531,3.13999449805261,0.00525513523423508,2.17857142857142
"KY","Daviess",1.2,1,7.67857142857145,0.821739071750159,0.000236430941326759,8.8214285714286,0.437700391424399,5.5603982532867e-06,1.22750506616601,0.12387208699981,1.14285714285715
"TN","Blount",1.04,1,14.8214285714286,2.00554079428743,0.000713470406788742,34.9285714285714,4.43513338731377,0.00053050670178161,4.1308933593309,0.00102063869918858,20.1071428571428
"IN","Vermillion",1.08,1,0.321428571428573,0.185576872239523,0.143810808711604,1.00709966502038e-15,5.81449262700297e-16,0.143810808711604,-1.73205080756887,0.0569687060759605,-0.321428571428572
"AL","Talladega",1.1,2,16.6428571428571,0.450623151302501,2.74048030293109e-07,19.9642857142858,1.46097185993101,3.76394329694867e-05,2.17244658698567,0.0274711919992849,3.32142857142861
"KY","Jefferson",1.2,2,50.5000000000001,2.32444858503903,3.83388023256112e-06,131.571428571429,6.60241143330924,5.87979677570191e-06,11.5822356589532,2.03691558164449e-07,81.0714285714288
"AR","Clark",1.15,5,1.85714285714286,0.442626668137991,0.00852454586090028,4.10714285714287,0.30597785700863,4.10742943746479e-05,4.18145686307982,0.000941672293586813,2.25000000000001
"LA","Richland",1.03,1,8.96428571428574,0.701128827429788,5.20790081535519e-05,12.25,1.02705741746774,7.30183876757252e-05,2.642194982454,0.0123204816669235,3.28571428571427
"TX","Nacogdoches",0.99,1,20.0714285714286,1.30891760860737,2.13986449641506e-05,23.5714285714287,5.40408009125076,0.00727804134308258,0.62945825672058,0.271580669824231,3.50000000000006
"AR","Hot Spring",1.15,3,90.7857142857143,23.6423823862562,0.0121242270694726,8.10714285714289,1.40761413427845,0.00221529304031412,-3.49086743304023,0.00290728636038248,-82.6785714285714
"CA","Los Angeles",1.03,1,3102.92857142858,87.0713699753673,3.27464955935049e-07,2909.39285714286,36.8490543450228,6.17557790113077e-09,-2.04696275113654,0.0339261753351346,-193.53571428572
"MO","Cole",1.15,3,4.32142857142858,0.69967193478553,0.00162103747008672,7.5,1.03460531762857,0.000780125107697911,2.54493548986765,0.0145578573972965,3.17857142857142
"MO","Wayne",1.15,1,0.107142857142858,0.0889278542713481,0.282179859030049,2.51774916255095e-16,1.45362315675074e-16,0.143810808711604,-1.20482899335375,0.128004076320819,-0.107142857142857
"MO","St. Francois",1.15,2,2.07142857142857,0.314610222079217,0.00121354216569575,5.50000000000001,0.893856583483464,0.00164878406400643,3.61813613493319,0.00235209226232541,3.42857142857144
"TX","Gregg",0.99,1,29.9642857142858,4.67797160822369,0.00137518203230034,31.1071428571429,4.25725670988696,0.000752007738717188,0.180684296557937,0.430112359636799,1.14285714285715
"AR","Independence",1.15,2,2.85714285714286,0.271052370871574,0.000132714371392491,5.78571428571429,0.432128098921548,4.15880391938148e-05,5.74114834451485,9.37120138026554e-05,2.92857142857143
"AR","Washington",1.15,5,82.1071428571429,3.96357780037073,4.85348313465836e-06,87.2500000000001,5.36863054023566,1.60818598821247e-05,0.770668598996386,0.229362148402425,5.14285714285714
"TX","Hopkins",0.99,1,3.17857142857143,0.625764838140544,0.00383607081372022,3.75,0.312576521243444,7.09792645284913e-05,0.816922172085603,0.216501917655921,0.571428571428577
"AR","Howard",1.15,1,5.60714285714286,0.744880486236222,0.000654979571605624,8.35714285714287,1.22848836928535,0.00104528581217623,1.91414408968982,0.0423118904837717,2.75000000000001
"AR","Sharp",1.15,3,1.85714285714286,0.191662969499982,0.000198812106076599,1.21428571428572,0.131707777961329,0.00025206625882462,-2.76432802575275,0.00999041904366546,-0.642857142857139
"AR","Pope",1.15,1,23.4285714285715,1.631951379828,2.95661447247509e-05,28.0714285714286,0.97677102365552,9.55713539037848e-07,2.44112624011316,0.017390945967397,4.64285714285709
"TX","Cherokee",0.99,1,16.6428571428571,3.45569627350174,0.00481506596629543,19.8928571428571,3.13110627903497,0.00142700540157801,0.696942632839341,0.250859245924332,3.25000000000002
"MO","Scott",1.15,1,6.21428571428572,0.911938952485978,0.00103717230553904,3.89285714285715,0.972976707567752,0.0103134123104812,-1.74080777389051,0.0561689649723693,-2.32142857142857
"CA","San Mateo",1.03,1,76.4642857142859,6.17679578118369,6.09442334931432e-05,69.8928571428573,7.57653129938838,0.000251368272203181,-0.672247774431131,0.258328355693285,-6.57142857142851
"AR","Drew",1.15,2,2.39285714285715,0.196266166629058,6.56359275235637e-05,2.78571428571429,0.49795500165524,0.0025194724037947,0.733986055610605,0.239906376889559,0.392857142857144
"OK","Tulsa",1.04,2,153.607142857143,5.03961348534111,7.13242681816302e-07,143.321428571429,14.1973607061456,0.00016337162328045,-0.682742847411509,0.255137851804796,-10.2857142857145
"OK","Rogers",1.04,1,12.8214285714286,0.588798499887175,3.79045947921497e-06,15.3571428571429,1.7163677832408,0.00029064911913584,1.39743203814422,0.0962566623035711,2.5357142857143
"TX","Camp",0.99,1,2.89285714285715,0.401209904856672,0.000799733879525474,3.17857142857143,0.451471516944587,0.000892736328775284,0.473049916791257,0.323166983496448,0.28571428571428
"AR","Craighead",1.15,1,19,2.3412886735858,0.000460923386173103,28.5,2.81377805428493,0.000160771673215499,2.59530105015462,0.0133529763292786,9.49999999999998
"MS","Hinds",1.09,1,77.2142857142859,4.64329668249116,1.43637014183295e-05,103.928571428572,4.81059629720612,3.94189845868317e-06,3.99558055710466,0.00126817600361328,26.7142857142859
"OK","Oklahoma",1.04,1,225.857142857143,10.3231461744361,3.70273877413487e-06,148.285714285714,14.4195162533142,0.000149464430291167,-4.37419873074092,0.000694971216752788,-77.5714285714284
"TX","Smith",0.99,1,51.6785714285715,7.3243896451151,0.000883902860670733,55.5714285714286,9.2101319541169,0.00180037643845886,0.330815294479501,0.373805606801939,3.89285714285715
"MO","Gasconade",1.15,1,0.750000000000001,0.109497926548256,0.00101304573291661,-0.678571428571427,0.305977857008627,0.0773502479544221,-4.39586982263857,0.000671848570254186,-1.42857142857143
"MO","Harrison",1.15,1,0.785714285714287,0.209469689980216,0.0132804570471993,0.535714285714288,0.0997445717412062,0.00301260836025435,-1.07756087566239,0.153268472647355,-0.249999999999999
"AR","Grant",1.15,1,2.28571428571429,0.230350221379957,0.000177420231366067,4.03571428571429,0.278021435086122,2.80065582715973e-05,4.8469733530247,0.000337210573597388,1.75
"MO","Clay",1.15,2,7.71428571428576,0.724216677464948,0.000126185052355151,9.46428571428572,0.458201898284846,4.92384044436559e-06,2.04202121501812,0.0342078339975629,1.74999999999997
"AR","Izard",1.15,1,0.357142857142859,0.0553283335172487,0.00132792543499124,0.392857142857144,0.109497926548257,0.0157445127447718,0.291111254869787,0.388457425075238,0.0357142857142853
"MO","Ripley",1.15,1,0.214285714285715,0.123717914826348,0.143810808711601,1.89285714285715,0.225311575651249,0.000391619144622393,6.53029766892659,3.31797600917921e-05,1.67857142857143
"MO","Jackson",1.15,5,29.6785714285715,1.61805817104889,8.85782764070667e-06,66.1785714285716,4.45198304817351,2.49260586555072e-05,7.70545387490958,8.16506984681438e-06,36.5
"MO","Webster",1.15,1,1.85714285714286,0.255550625999976,0.000771184486121524,3.64285714285714,0.357142857142857,0.000155448718056444,4.06625030395222,0.00113186955758618,1.78571428571428
"MO","Cass",1.15,2,5.39285714285716,0.580068609594361,0.000242227440849617,19.1785714285714,2.17587655337112,0.000312097703681451,6.12189622927377,5.62005543347538e-05,13.7857142857143
"MO","Laclede",1.15,2,5.60714285714286,1.02307559518805,0.00275734179172399,4.92857142857144,0.265345366014383,8.32458241576701e-06,-0.642023804051816,0.267648698407283,-0.678571428571423
"MO","Stone",1.15,1,1.75,0.520743189478034,0.0200951454272112,2,0.355711417085392,0.00246417716965383,0.396424041306754,0.350059799938851,0.250000000000001
"MO","Camden",1.15,4,2.60714285714286,0.15567496226931,1.38715421140459e-05,7.39285714285715,1.27525507652551,0.00215210442938812,3.72509763572344,0.00197102040830427,4.78571428571429
"MO","Taney",1.15,3,3.50000000000001,0.696199596057782,0.0040100770304219,8.71428571428572,0.81566299563544,0.000124386263292615,4.86234650011021,0.00032954976864291,5.21428571428571
"MO","Johnson",1.15,3,11.2857142857143,0.685118789044674,1.50484177101125e-05,14.3571428571429,1.79312746965993,0.000490958124415582,1.60007269289313,0.070332804467134,3.0714285714286
"KS","Crawford",1.1,1,4.92857142857143,0.752546696632338,0.00124328429939366,4.71428571428572,0.832993127835042,0.00239399033908732,-0.190885428892734,0.426217546459963,-0.214285714285715
"MO","Platte",1.15,3,4.2857142857143,0.612788873986492,0.000920501647605838,6.89285714285715,0.771792242320516,0.000293205712681206,2.64555274071672,0.0122496793767761,2.60714285714285
"MO","Christian",1.15,9,3.25,0.475684254736355,0.00102477905707202,5.64285714285715,0.682881051583837,0.000423344035322108,2.87524520533326,0.00825978794849204,2.39285714285715
"MO","Clinton",1.15,1,0.67857142857143,0.141961477959656,0.00497077444536004,1.03571428571429,0.33158555395529,0.0261480212473362,0.990147542976674,0.172727384974275,0.357142857142857
"MN","Hennepin",1.07,1,181.571428571429,13.5041187972337,4.073778742625e-05,190.642857142858,7.10252901207362,1.34223741795881e-06,0.59453514836249,0.282681166162384,9.07142857142841
"MO","Newton",1.15,1,10.3214285714286,2.03684179302073,0.00387570036568242,11.5357142857143,1.33008746068114,0.000336921648364504,0.499158702512552,0.314232652017066,1.21428571428577
"MO","Lawrence",1.15,5,1.78571428571429,0.24536520053311,0.000766018382492868,5.14285714285715,0.440315285926354,8.08318670294613e-05,6.66013736486536,2.81877995577377e-05,3.35714285714286
"MO","Wright",1.15,2,2.25,0.292334027566873,0.000590583066944531,0.535714285714287,0.201398173998167,0.0448852131191183,-4.8290618195132,0.00034637604111774,-1.71428571428571
"MO","Dent",1.15,1,0.714285714285715,0.247435829652697,0.0343165992063962,0.178571428571429,0.0618589574131742,0.0343165992063962,-2.10042012604202,0.031016711612842,-0.535714285714286
"MO","Vernon",1.15,2,1.64285714285715,0.115175110689979,3.05137702335165e-05,0.821428571428573,0.238511540815201,0.0183564204971589,-3.10131936733091,0.00561270128034083,-0.821428571428573
"MO","McDonald",1.15,1,12.6428571428572,1.49113023836118,0.000374984106964111,9.64285714285719,1.65214764374578,0.00208826469359883,-1.34798297334028,0.103702474618143,-2.99999999999999
"MO","Cedar",1.15,1,0.321428571428572,0.185576872239522,0.143810808711604,2.03571428571429,0.346631015958598,0.00203141341277821,4.36003451707656,0.000710537517543453,1.71428571428571
"MO","Barton",1.15,1,1.53571428571429,0.262930890275799,0.00208160164718493,1.92857142857143,0.265345366014382,0.000770725550849866,1.05168099096835,0.158847776632784,0.392857142857143
"MO","Pulaski",1.15,3,1.89285714285715,0.274326633852453,0.000979423759069868,2.50000000000001,0.4506231513025,0.00261364442773765,1.15085748926034,0.138282997805099,0.607142857142857
"AR","Carroll",1.15,2,4.21428571428572,0.333503357997967,5.5141325073946e-05,8.17857142857144,0.7212163761483,9.32661604191399e-05,4.989078982228,0.000273028870562068,3.96428571428571
"MO","Howard",1.15,1,0.321428571428572,0.185576872239522,0.143810808711604,3.35714285714286,0.397697454487859,0.000382859714062444,6.91720189955486,2.05374545724988e-05,3.03571428571429
"MO","Macon",1.15,1,2.21428571428571,0.245365200533109,0.000279059952264283,0.500000000000002,0.214285714285715,0.0669330021438613,-5.26234811584216,0.000183409681010674,-1.71428571428571
"MO","Callaway",1.15,5,0.42857142857143,0.110656667034498,0.0117248110039547,1.5,0.304724700110024,0.0043880827417332,3.30489486929423,0.00397376495746229,1.07142857142857
"MO","Pettis",1.15,1,4.42857142857144,0.562429133857982,0.000530954420190271,3.75000000000001,0.255051015305104,2.63024028818183e-05,-1.09879837073586,0.14880303818055,-0.678571428571427
"MO","Osage",1.15,1,0.714285714285714,0.101015254455221,0.000875074920148079,2.39285714285714,0.41863480748836,0.00229123778606388,3.89776502813863,0.00148589324093505,1.67857142857143
"MO","Texas",1.15,1,0.571428571428572,0.135526185435788,0.0083568955669697,0.321428571428572,0.185576872239523,0.143810808711604,-1.08792227628037,0.151077185744275,-0.25
"MN","Dodge",1.07,1,1.60714285714286,0.29923371522362,0.00301260836025446,0.928571428571434,0.199489143482417,0.00555831142307318,-1.88683804046,0.0442608775443325,-0.678571428571425
"MO","Randolph",1.15,1,1.03571428571429,0.229795827744935,0.00635780125258491,0.214285714285714,0.123717914826348,0.143810808711604,-3.14743817114785,0.00518903300430395,-0.821428571428573
"KS","Cherokee",1.1,1,1.60714285714286,0.229795827744934,0.000920501647605849,0.750000000000003,0.0889278542713478,0.000384500183273778,-3.47862621391468,0.00296741111540757,-0.857142857142855
"MO","Morgan",1.15,1,0.321428571428573,0.0765986092483121,0.00852011270373687,1.57142857142857,0.180701580581049,0.000332658686608169,6.36890209590987,4.07561878738162e-05,1.25
"MO","Dallas",1.15,1,0.75,0.168274556991282,0.00665894350963283,1.57142857142857,0.18070158058105,0.000332658686608178,3.32670191130714,0.00383017934378762,0.821428571428572
"KS","Miami",1.1,1,2.14285714285714,0.638876564999939,0.0202378788731653,3.75,0.84137278495641,0.00665894350963283,1.52127765851133,0.0795805397110158,1.60714285714286
"MS","Newton",1.09,1,3.82142857142859,0.690866063985895,0.00264812496418123,9.75000000000002,1.03497510568504,0.000227445504968925,4.76429609682137,0.000381792465454832,5.92857142857142
"NC","Onslow",0.98,2,12.5714285714286,2.906010660542,0.00752770388888971,24.8928571428572,1.84494621347405,4.00518200219919e-05,3.57952387213781,0.00250783535701857,12.3214285714285
"OK","Okmulgee",1.04,1,11.3571428571429,1.33209976950616,0.000365314610231266,6.57142857142859,0.731227650975411,0.000284651079454471,-3.14932534211262,0.00517240985673672,-4.78571428571427
"PA","Chester",1.04,1,28.2857142857146,2.63686579569192,0.000121982461244859,54.3928571428571,2.6668314149789,5.24144946517263e-06,6.96127338252077,1.94680409680726e-05,26.1071428571425
"AL","Henry",1.1,1,3.57142857142858,0.243276948084663,2.65000708699715e-05,5.28571428571429,0.54210474174315,0.000192957379623246,2.88508222100606,0.00812172852847723,1.71428571428571
"GA","Carroll",1.05,1,31.2142857142858,2.41783340355514,4.96761332481091e-05,34.0714285714286,4.54085760127999,0.000664890917793432,0.55538416713391,0.295419435712043,2.85714285714289
"AL","Choctaw",1.1,1,3.17857142857145,0.469204711426152,0.00106550653391439,3.25,0.520743189478035,0.00154666049328705,0.101902973419265,0.46042403319315,0.0714285714285543
"AL","Barbour",1.1,1,9.17857142857146,0.736615259695545,5.90364291353763e-05,7.67857142857146,0.787497975378029,0.000192935045847049,-1.39106406628423,0.0971894076262599,-1.5
"MS","Oktibbeha",1.09,3,11.6428571428572,1.37284153402752,0.000374538020853464,10,1.31707777961328,0.000629289760442622,-0.863539571791357,0.204037679323949,-1.64285714285713
"AL","Tuscaloosa",1.1,6,49.0000000000001,1.17108008753822,1.47096477800364e-07,61.0000000000002,4.16863898897572,2.69238543219081e-05,2.77135670420301,0.00987064317533553,12.0000000000001
"AL","Macon",1.1,1,4.42857142857144,0.299659670905758,2.56480847448028e-05,5,0.196914982172718,1.76871338624506e-06,1.59363814577914,0.0710506966149243,0.571428571428555
"AL","Tallapoosa",1.1,3,6.50000000000002,1.24744637118378,0.00343648735767524,8.96428571428569,0.285267507824519,6.12754198786988e-07,1.92575221058407,0.0415078435423723,2.46428571428567
"FL","Bay",0.99,4,98.9285714285715,3.19294502915156,6.57381391891382e-07,113.214285714286,5.18937297144218,3.75530492368609e-06,2.34461593911018,0.0205077481978226,14.2857142857143
"GA","Elbert",1.05,2,9.07142857142858,0.852966013630182,0.000127145257336635,5.89285714285716,0.735228688565543,0.000488596197171843,-2.82262463266693,0.00903957043557994,-3.17857142857142
"AL","Houston",1.1,2,23.0714285714286,1.16365013326733,6.02946508084036e-06,43.6071428571429,2.40699448461761,9.41494430247903e-06,7.68115504076501,8.3918164374955e-06,20.5357142857143
"AL","Blount",1.1,4,15.8214285714286,0.80670025791644,6.36230917491766e-06,17.8214285714286,0.711243521544319,1.88929577271863e-06,1.8596545253577,0.0462837352852114,2.00000000000001
"AL","Pike",1.1,3,6.50000000000002,0.512098523683854,5.39570186631331e-05,7.14285714285717,0.319438282499962,3.32366543602475e-06,1.0651074037451,0.155934292467614,0.642857142857141
"KY","Warren",1.2,1,23.3214285714287,3.28971030298275,0.000864801672633434,34.6428571428572,2.89069584165813,7.1348146055848e-05,2.58521098163713,0.0135861509972235,11.3214285714285
"AL","Autauga",1.1,1,16.1071428571429,0.729656055401199,3.54242464543033e-06,16.6428571428572,1.48770471066084,9.96018906397295e-05,0.323302893204548,0.376562586648727,0.53571428571427
"TN","Wilson",1.04,2,40,3.11415464992884,5.09221468857388e-05,47.0357142857144,4.73348363754846,0.000176222952901283,1.24173749410218,0.12133418891005,7.03571428571434
"FL","Calhoun",0.99,1,9.78571428571428,1.71696219634372,0.00232061163876778,6.50000000000001,1.26127567428006,0.0036042634472332,-1.54227011975923,0.077017910275896,-3.28571428571428
"TN","Union",1.04,1,1.78571428571429,0.177855708542696,0.00016768617948603,4.35714285714286,0.265345366014381,1.52844000321938e-05,8.04984471899925,5.57549144342603e-06,2.57142857142857
"AL","Montgomery",1.1,11,69.0714285714286,3.73933858606365,8.55546822513282e-06,90.714285714286,3.52194287753969,1.64758762328641e-06,4.21329402634784,0.000895273744933942,21.6428571428575
"MS","Lowndes",1.09,1,5.85714285714288,0.954046163260805,0.00166557340144151,17.7857142857143,2.00484107976219,0.000302669626942857,5.37258078593398,0.000156687974746265,11.9285714285714
"FL","Okaloosa",0.99,2,90.3571428571428,5.12506844155395,1.07680017613023e-05,85.3928571428572,5.97646318861731,3.02615246847649e-05,-0.630544050480089,0.271239597628709,-4.96428571428562
"GA","Henry",1.05,1,47.8928571428573,3.6185110817821,4.39944248778643e-05,55.5714285714287,2.16841896697262,1.68928595683458e-06,1.82021772405575,0.0493708942319975,7.67857142857139
"GA","Coweta",1.05,1,16.0714285714286,1.81574744265556,0.000305967526663527,19.3928571428572,1.03891132186241,8.12315762030827e-06,1.58771515248207,0.0717172482030654,3.32142857142859
"AL","St. Clair",1.1,1,36.25,2.51520884027629,2.90061060485388e-05,30,0.606091526731325,6.36050030525311e-08,-2.41573566487435,0.0181627355655857,-6.25
"AL","Walker",1.1,2,15.8571428571429,1.94254199124628,0.000448352757288329,17,2.46526895498407,0.00098217400687984,0.364125704236337,0.361672677846648,1.14285714285718
"MS","Jones",1.09,2,15.8928571428572,0.640272582258389,1.97968368008191e-06,25.8571428571429,1.76704526812185,2.69246716620338e-05,5.30165373421065,0.000173361013280005,9.9642857142857
"MS","Neshoba",1.09,1,4.75000000000007,1.01305257030628,0.00539089182067332,10.3928571428572,2.27312380585277,0.00599064416773516,2.26743912186161,0.0233868359396155,5.64285714285714
"TN","Putnam",1.04,1,21.6071428571429,2.80010021686541,0.000583514670999551,23.9642857142857,2.8153641878457,0.000368116029512859,0.593626963299468,0.28297317525634,2.35714285714281
"TN","McNairy",1.04,1,7.46428571428572,0.684932590158493,0.000113031285571841,5.89285714285715,0.681946493801501,0.000342803779662382,-1.62584263746933,0.0675218468789731,-1.57142857142857
"TX","Grayson",0.99,1,11.8571428571429,0.938952955723149,5.53193986322152e-05,12.2142857142857,1.84307861349162,0.00117806552770907,0.172660333448299,0.433181482492231,0.357142857142831
"TX","Potter",0.99,1,7.28571428571447,1.43071268097765,0.00379454227506401,24.1071428571431,3.73507232943651,0.00132858699086058,4.20565889897995,0.00090617693856504,16.8214285714286
"GA","Fulton",1.05,1,352.57142857143,10.205940646986,3.8233346123556e-07,316.142857142858,11.8521504119614,1.3846976386553e-06,-2.32907308280182,0.0210583406695825,-36.4285714285721
"TX","Bowie",0.99,2,11.2142857142857,0.544920889221735,5.01404898901772e-06,15.3214285714286,1.1587070556514,4.42002089254931e-05,3.20758883097636,0.00468514282942139,4.10714285714286
"TX","Collin",0.99,1,140.535714285714,7.16081670749695,6.34128840331416e-06,107.642857142857,4.28106891096237,1.85697836035605e-06,-3.94259219172815,0.00138162193983229,-32.892857142857
"GA","Greene",1.05,1,3.85714285714287,0.662401321106835,0.002110028763178,4.25,0.991674526922486,0.00782112603143025,0.32942401152951,0.374315637014573,0.392857142857137
"GA","Dekalb",1.05,1,236.428571428572,18.8005101971588,5.6450845948983e-05,164.321428571429,11.3340623515029,2.8175671327379e-05,-3.28466243370203,0.00411193705473315,-72.1071428571425
"TX","Wood",0.99,1,5.57142857142858,1.4399546478119,0.0117701542333289,5.32142857142857,0.951770637779279,0.00252588517161835,-0.144837230862061,0.443858482614203,-0.250000000000011
"MS","Lafayette",1.09,1,15.5357142857143,2.02780418086125,0.000603392115957892,13.5714285714286,0.679135104228841,5.79928919034432e-06,-0.918531135977639,0.189981304477698,-1.96428571428573
"VA","Loudoun",1.11,1,31.2857142857144,2.02081010225792,2.04164771949572e-05,30.5357142857143,1.67080269111978,9.01692111128225e-06,-0.286033470079547,0.390345137326704,-0.750000000000149
"AL","Russell",1.1,1,17.4285714285714,1.74086537242199,0.000170012683306295,24.9642857142858,2.10919996439313,7.57952398356043e-05,2.75545219482771,0.0101437602464618,7.53571428571431
